Writer,Review,Date
ri**girl2004,최고의 영화 올해 본 영화 중 최고입니다. 전투신 굿 무엇보다 변요한씨 연기가 매력적 입니다.,2022.08.01
kw**us,스케일로 말하는 영화 속이 시원해진다,2022.08.01
sh**n031,너무 기대가 컸었나봐요ㅜㅜ,2022.08.01
harmonylove,"요즘처럼 시국이 어지러운 때, 많은 것을 시사하는 영화다. 선조나 윤아무개나 별 다를 게 없는 존재감 없는 지도자를 두고 있는 이 나라가 안타깝다.",2022.08.01
im**28,재밌었어요. 초반에는 살짝 지루할 뻔 했지만 후반부부터 몰입되고 좋았습니다,2022.08.01
덕은은숨,이순신 멋쪄..! 거북선 꺼부꺼부!!,2022.08.01
hy**in3452,가슴이 웅장해진다...,2022.08.01
aq**jsw,박진감 넘침 극스포 이순신이 이겨요,2022.08.01
jo**g4288,이순신장군을다시한번생각나게하는영화,2022.08.01
hy**bz,이순신장군의 고뇌를같이공감하며 잘봤 습니다,2022.08.01
em**yco12,스토리 전개가 좀 복잡하지만 시간이 지날수록 감동이 밀려 오네요 변요한이 참 연기를 기가 막히게 하네요,2022.08.01
b0**11,명량과는 느낌이 좀 다른 ㅎ,2022.08.01
jazzart,재미있게 봤어요~~명량 버전~~~~,2022.08.01
TinykittenBella,"이순신의 많은 대사는 없었지만, 충분했다",2022.08.01
il**owski,발 포 하 라 박해일의 연기는 점점 절정에 다른다,2022.08.01
미르앤,국뽕도 적당히 들어갔지만 담백하게 잼있네요,2022.08.01
bb**i52,명량에 이어 한번 더 감동을 주는 우리의 역사적인 사실에 입각한 좋은 교과서같은 영화였어요.아이들과 시간 가는 줄 모르고 관람하였습니다,2022.08.01
barkhyesu,영화 너무 재미있게 봤어요~ 거북선 나올 때 멋있었어요~,2022.08.01
VVIP언제찍니,명량에 비해 스케일이 엄청납니다,2022.08.01
김 민,2015년의명량에서보았던최민식배우님의이순신연기가너무좋아서오늘다시한산을봤읍니다하지만이번이순신역의박혜일배우는연기력이약하네요복카이센(거북선)의활약은뛰어놨어요,2022.08.01
땡용,가슴이 웅장해지는 그런 영화입니다…,2022.08.01
Jittoo,마음이 웅장해지네여. 재밌어요,2022.08.01
ca**64,몰입해서 잘 봤습니다 !,2022.08.01
mo**ki22,전군 출정하라. 당장보라,2022.08.01
wh**o325,역사를 제대로 알수있어서 좋았어요!,2022.08.01
ar**asomi,대작of대작이네요. 명량에 이은 완벽 스토리에 전개며 혼신의 연기에 감동했어요,2022.08.01
Yepi,기대를 안해서그런지 담담하지만 스케일이있게 지루하지않게 봤어요,2022.08.01
더숲,평단 평이 너무 좋아서 기대를 너무 많이 했나 보다 ㅜㅜ TV 사극 중년 배우들의 묵직한 연기에 너무 익숙해져 있어서인지 박해일 안성기 김성규 박지환 정도 빼고는 배우들 연기가 많이 아쉬웠다 그럼에도 거북선은 멋졌다,2022.08.01
지니~~*,오랜만에 국뽕이차오르는 영화였어요👍🏻,2022.08.01
oyes,배우들의 연기가 무척이나 좋았고 보는 내내 푹 빠져서 봤어요..ㅎㅎㅎ,2022.08.01
여누애비,음 다 알고있는 내용이라 하튼 모 그래요,2022.08.01
cr**skhy,기대가 너무 컸나봅니다. 극의전개도 별로였고 이해안가는 장면들도 몰입을 방해했네요,2022.08.01
st**kdeath10,배우들의 연기가 인상적이었다,2022.08.01
접속무비,집에가서 내용을 다시 찾아봐야겠어요 재미는 그닥…,2022.08.01
도도다녤,바다전투씬이 멋있고 감동도 받았어요. 임팩트가 강하진 않지만 지루하지않게 잘 봤습니다.,2022.08.01
k1**4sh33,일본을 이긴 이순신 장군이 우리나라 선조임이 감사하고 출현진들의 연기가 다들 멋졌어요.~~,2022.08.01
뭉스,한산대첩의 완벽한 재연 박해일의 이순신도 나름 무게가 있었고 용장의 느낌이 물씬 났다 거북선이 등장할 때 마다 시원했다 코리아의 웅대한 역사가 이 영화처럼 다시 시원하게 시작되길,2022.08.01
옥티비아,최고의영화..두번세번 더 보고싶은 영화,2022.08.01
og**423,명량하고 결은 비슷해도 배우들 각자의 풀어내는 연기력도 틀리고 몰입해서 재미있게 봤습니다.,2022.08.01
duswn,한국인이라면 한번쯤 볼만한 영화 시간과 돈이 아깝지않은 영화,2022.08.01
su**sk,몰입도 최고!! 재밌었어요!!,2022.08.01
pb**969,고증에 근거한 영화내용 .. 추천합니다..^^,2022.08.01
Hakuna Matata!,아~~ 이순신장군님 너무 조아~~^^,2022.08.01
사말어사 보느님,시간가는줄 모르고 봤습니당 재밋어요,2022.08.01
10**vipgirl,이순신정신으로! 살면 뭐든지 해낸다.,2022.08.01
다음곰,국뽕이 차오르면서 커피마시면서 영화 본 나도 방광이 차오르는 벅찬 긴박함이 있는 영화 시리즈로 왠지 나올것 같다,2022.08.01
wn**wls1,역시 한국의 영원한 영웅이신 이순신장군님의 활약과 참교육들도 보기 편하면서 옛날에 명량을 극장에서 직접 본 추억도 떠올리게 하여 추억을 생각나게하는 영화입니다,2022.08.01
yi**17,시원한 해상씬이 좋았고요. 애국심이 다시 올라왔네요,2022.08.01
un**ani0923,두번 봤습니당. 한번 더 볼 수 있을거 같아용.,2022.08.01
ta**99,기대 이하입니다. 명랑보다 훨씬 못해요,2022.08.01
sa**p91,너무 재미있게봤습니다. 가슴벅찬 감동과 함께,2022.08.01
PolarisT,명량 보다 국뽕을 많이 덜어내서 훨씬 굳,2022.08.01
sn**jin2,명량을 재미있게 봤어서 기대했는데 기대했던 만큼 재미있었어요!! 후반으로 갈수록 엄청 집중해서 봤어요!! 이 영화 꼭 보는것을 추천합니다!,2022.08.01
병지&병조아빠,너무재미 있네요^^ 노량이 기대 됩니다.,2022.08.01
so***12**,명량과 비슷할 것 같아서 기대하지 않고 봤는데 비슷함에도 불구하고 흥미있게 봤습니다. 거북선이 나타날 것을 알고도 거북선이 나타나는 순간의 통쾌함이 있어 이 느낌 때문에 영화를 보게 되는 것 같습니다,2022.08.01
로기1,말해뭐함 최고임 👍,2022.08.01
sk**214,전투씬이 정말 재밌었어요! 아이맥스로 다시 관람 해보고 싶네요,2022.08.01
ch**y0103,배우들 연기가 좋았어요 노량도 기대됩니다,2022.08.01
ka**ela2,"1편과 머가 다른건지 졸렸다, 몰입도도 떨어지고",2022.08.01
애니콜본부,이순신장군이 조선에 계셨다는사실에 감사드립니다,2022.08.01
그런거지,장군님은요 꼿꼿해요!,2022.08.01
ta**npenti,아들이랑 잼있게 봤어요👍🏻,2022.08.01
비오는 수요일♡,부모님 예매해드렸는데 재미있다고하시네요^^,2022.08.01
hc**25hc,이순신 영화 이러면 느낌있잖아. 기존것 보다 좀더 웅장한 느낌. 재밌었어요.,2022.08.01
혀니,정말정말 재밌었습니당 전투씬 넘 통쾌하고 박해일님 멋있어요,2022.08.01
si**thedhd,완전 재밌어요! 또보고싶네요,2022.08.01
펭늪,1편보다 2편이 여러면에서나 좋았어요,2022.08.01
헬스띵띵,잼나게 잘봤습니다 명불허전 이네요,2022.08.01
♥해일??♥요다♥,좋아하는 배우 때문에 보려고 했는데 마지막에는 조선군을 응원하면서 봤습니다,2022.08.01
박종진,멋진 영상미 3D에서 보면 더 좋을듯..,2022.08.01
영화아아아아아아앙,"꺅 멋지고 웅장한 모습! 연기, 몰입감 좋았어요 꼭 봐야합니다!!",2022.08.01
킬러,한산대첩을 제대로 느꼈네요..근데 장이수 배역은 실패한듯...웃기는 사람이 넘 진지하니까 어색함 ㅋ 많이,2022.08.01
동동79,^^멋져요 전투씬은 대박,2022.08.01
go 시니,미친 연기에 통쾌한 해상전투~ 너무 재밌게 보고 왔습니다.,2022.08.01
마봉팔딱팔딲,명량보다 나아진점은 많으나 아직 부족한점이 있다.,2022.08.01
gi**10101,왜 별로인지 말하기도 귀찮은 영화.,2022.08.01
ho**kk,"솔직히 명량을 보는것 같았어요 내용도 비슷 했구요 다만, 배 액션씬이 괜찮았어요 보는내내 지루하지않았구요 영화 내용이 조금은 달랐지만요 평점 10점 만점에 7점입니다",2022.08.01
운치기삼,재밋고 감동있게 잘 봤습니다 처음잔잔하게 가다가 마지막 한방에 영화 전체가 균형이 잘 맟은거 같습니다.,2022.08.01
주3회영화,"와, 찐 재밌다.... 명량보다 더 재밌음. 대규모 수중전에 이싱힌 신파 없어서 좋았음. 마지막 첩자 두분 이상한 눈빛 교환은 갑툭튀 사족. 진지한 임진왜란 전쟁 영화.",2022.08.01
사과와나무,1편이 명작이고 최민수배우님이 너무 잘했기에 별기대안하고 봤는데 1편보다는 좀더 액션장면에 힘이 실린느낌이라 시간가는줄 몰랐네요. 이순신이라는 역할을 맡으셨던 대배우들 때문에 부담스러울만한데 박해일배우님만의 이순신을 잘표현하신거 같아요~ 너무 찡했습니다.,2022.08.01
ki**o78,기대했던.영화..해상 전투신이 멋있었던~^^,2022.08.01
곰돌쓰,영상미 박진감 원균은 추한고증까지(배우는멋짐) 오졌다,2022.08.01
쑤리니이이,연기두 좋았고 스토리도 탄탄해서 너무 재밌게봤습니다,2022.08.01
슈퍼꿀벌,국뽕이 차오르다 못해 넘쳐 흐르고 있습니다 너무 재미있게 잘 봤습니다 ㅎㅎ,2022.08.01
ez**vu80,우리나라 역사니까 생각없이 봤습니다,2022.08.01
식물나라,가슴이 찡~~하더이다 이렇게 지켜온 국가입니다 애국심 듬뿍,2022.08.01
은계꿀주먹,명랑볼때는 눈물을 흘렸는대 한산은 눈물은 안흘렸다.재미는 있다 하지만 4천원주고 본값은충분이 차고 넘쳤다,2022.08.01
go**ji1004,국뽕의 자긍심이 샘솟는 영화. 스승과 제자사이에도 예를 갖추며 한마음 한뜻으로 역경을 혜쳐 나아는 자세. 마지막 귀선의 역활에 몰입도 최고. 아쉬운 점은 이순신의 무게를 이겨 내지 못한 배우가 안타까운 마음. 역사를 재 조명해야 하는 모범 답안지 영화.,2022.08.01
문스스스스스,딱 명량이랑 비슷한 느낌. 재밌게 잘 봄. 근데 아이맥스 영화도 아니면서 아이맥스영화랑 같은 가격받는건 좀 아니다싶음,2022.08.01
ks**535,생각보다 재미있게 잘 봤습니다.,2022.08.01
dh**55,음.... 바다위의 성을보기위한 빌드업이 좀 루즈해요,2022.08.01
kt**6300,진짜 최근에 본 영화중에 가장 재밌고 기억에 남았던 영화같아요.,2022.08.01
girlisa,발 포 하 라 ! 전투씬 너무 재미있음,2022.08.01
happyprince,명량을 이은 최고의 영화,2022.08.01
mo**no,웅장하며 박진감 넘치게 잘 만들었어요. 연기자 표정 하나하나 몸짓까지 일품연기 대박,2022.08.01
kalka,기대이상 감동적이었어요~굿굿♡,2022.08.01
li**kos1203,4dx로 봤는데 볼만했어요~~,2022.08.01
puffmine,국뽕 빠질려면 아직 한참 남았네,2022.08.01
G.witch,역시. 기대한것 만큼 좋았던 영화.,2022.08.01
석성산산신령,3편을 기다리고 있다.,2022.08.01
Milkyway_legion,노량에서 다시 봅시다!,2022.08.01
hy**oo44,이순신장군님최고!!,2022.08.01
굿~무비,방학한 초등생 아이랑 같이 봤어요~아이도 저도 재밌게 봤어요,2022.08.01
tj**d1029,거북선이 되고싶어졌어요,2022.08.01
세공주들맘,앞부분은 살짝 지루하긴했어요~ 근데 뒤로 갈 수록 좋았네요~~,2022.08.01
be**224,한산 박해일 절제된 연기 좋았네요 나름 국뽕 느끼며 잘 봤는데 연기 잘하는데 일이 없어 강제로 노는 배우도 많은데 수차례 음주운전으로 물의를 빚은 배우를 기용하는건 도무지 이해하기 힘든 부분입니다 역시나 영화판은 그들만의 리그인가요..,2022.08.01
장숑장숑,중반까지 정말 너무 지루하다,2022.08.01
sk**901,시간가는줄 모르고 봤어요 전투신 진짜 너무 좋았고 거북선 등장할때 울컥했네요~꼭보세요,2022.08.01
완벽하게해,초반에 지루할 수도 있다는 말을 듣고 갔는데 대체 언제..? 단한번도 그런 순간 없이 잘 봤습니다. 역시 장군님... 재미없기가 쉽지 않아...,2022.08.01
a4**0a,그저그레요 Cg나쁘지안함,2022.08.01
문화력,감독님이 돈에 미쳤나 봅니다 400억 ? 제가 명랑을 롯데시네마에서 일곱번을 본사람으로서 너무 실망해서 화가 납니다 명랑의 백분의일도 안됩니다 논평도 하기 싫네요ㅡ 에이ㅡ퉤퉤 이순신 장군께 깊이 사죄해야 합니다 감독님 당신 영화 두번다시 안본다,2022.08.01
ma**ah24,"음악 ,배우의 연기력 ,연출 모두 훌륭한 작품입니다 아들 거북선 만들기 장난감도 샀어요 너무 감동있어요^^",2022.08.01
fi**kds12,자알 보았습니다....,2022.08.01
hu**ms,긴장감이 끊이지 않는 연출..그런데 왠지 명량 보다는 조금 못한듯,2022.08.01
ql**lem84,한산도 대첩을 정확하게 알수 있었어요~스케일도 크고 재미있어요,2022.08.01
성빈수빈수정 아빠,재밌게 봤네요 멋진 해상전투신 거북선의 새로운 모습(자라에 모티브) 왜놈들에게 전국이 거의 초토화 되는 상황하에서도 바다를 잘 지켜낸 덕분에 말로는 표현이 안 되는 통쾌함,2022.08.01
효니효닝,4d로 보니까 더욱 생동감 있고 좋았습니다,2022.08.01
gy**ngmin55,두번 울었습니다. 선조들이 지키려한 세상이 얼마나 소중한것인지 어떤 마음가짐을 가지고 살아야 하는지 마음 속 깊이 새길 수 있던 시간이었습니다. 많은 분들에게 감사해지는 한편이었습니다.,2022.08.01
eunaaaaaaaa,재미있게 잘 봤습니다! 우리나라를 지켜주신 분들에 대해 다시한번 생각해보는 귀한 시간이였답니다!!!!👍,2022.08.01
청개구리킹,국뽕 가득 차오르는 해상 블록버스터 전투씬,2022.08.01
ch**pdls12,"명량을 너무 재밌게봐서 봤는데 계략이 최고,, 이순신님 너무 멋있어요 재밌습니다ㅠㅠ",2022.08.01
용민킹,역사적으로 연출을 감명깊게 감상했습니다,2022.08.01
드라마중독,중간에 잠깐 졸 수 있지만 클라이막스에 잠이 깬다.,2022.08.01
98**suk,멋있어요 다들 연기 짱이에요,2022.08.01
sa**sfied12,전작의 단점을 상당히 고쳤네요 무난하게 잘 즐겼습니다,2022.08.01
안조앙팡,지짜 재밋내요 머싯읍니다,2022.08.01
안조앙팡,지짜 재밋내요 머싯읍니다,2022.08.01
ti**4561,너무너무 잼나요 이순신 장군님 체고,2022.08.01
pa**536,국뽕도 이런건 너무 좋아ㅜㅜㅜㅜ,2022.08.01
토슈니,전투장면 cg 정말 재밌었어요-! 배우들 연기도 짱짱,2022.08.01
lo**slouis00,박해일 배우는 역시나 국보급. 시간의 흐름에따라 단계별 작전의 진행을 볼수있어서 너무 좋았다. 긴장감을 극도로 끌어올리며 초집중하게한 좋은 작품이었다~,2022.08.01
고양90,"재미없다 비상선언, 헌트 개봉하면 묻힐 듯",2022.08.01
뽀기쁘미,긴장감도 있고 재미도 있고 몰입해서 봤음,2022.08.01
so**angsin,스토리 연기 영상 멋졌습니다,2022.08.01
km**41,시간 가는 줄 모르고 봤네요!,2022.08.01
기민별,"용산 4DX로 보면 더 재밌다는 얘기를 듣고 한자리 남은 좌석 예매해서 관람했습니다!! 4D로 볼 때 물 뿜어지는거 장난아니에요ㅋㅋㅋ!! 후반부엔 위,앞,옆에서 미친듯이 물 맞습니다 ㅎㅎ^^ 개존잼??( 영화 다보면 애국심 미친듯이 끓어올라요)",2022.08.01
va**ableun,처음엔 약간 지루했지만 점점 재미있어져서 볼만했어요,2022.08.01
mi**120,담담히 그려낸 이야기~ 가슴이 웅장해진다^^,2022.08.01
co**s2927a,"국뽕 촤르르르륵 오릅니다,,, 지루하지 않고 재밌었어욤",2022.08.01
rupert,억지신파없고 담백하니 재밌었어요,2022.08.01
pz**iger,명랑보다 훨씬 재밌었네요. 3회차까지 예약완료~,2022.08.01
ur**j7796,나만 별로인가 하고 주변에 물어보니 다들 잘뻔했다고~,2022.08.01
ch**100068,명랑보다 좀 떨어지는듯했으나 이순신 장군님 짱~,2022.08.01
go**raming,기대했던 것보다 쬐끔 아쉬웠습니다. 그래도 의를 위해 싸워주신 조상님들과 이순신 장군님은 최곱니다!,2022.08.01
la**n2111,진짜 재밌어요. 거북서니짱!!,2022.08.01
sl**99meca,"원인은 모르겠다. 좋아하는 배우가 나오고 명량에 비해 신파도 많이 덜어냈는데 보고나서의 재미가. 떨어진다 막눈인 내가 연출이니 뭐니 따지고 드는게 우습고, 그냥 재미가 조금 떨어지는 감정만 남이있다",2022.08.01
야옹이,굿굿 좋았습니다 한산 이순신,2022.08.01
아기천사,넓은 바다에서 시원하게 펼쳐지는 전투를 즐겨볼 수 있어 좋았다!,2022.08.01
시형박,재미있고 연기도 좋아서 몰입됬습니다.,2022.08.01
skr,넘넘 재밌고 신나고 좋있어요 뻔히 아는 역사지만 이순신 장군의 지혜를 느끼는 시간이였기에 정말 좋았어요 후세가 지혜를 배워나갔으면 하는,2022.08.01
수와니e,살짝정적인영화라서아시움,2022.08.01
보다미zz,국뽕이 차오르는 영화🇰🇷,2022.08.01
cn**acnsuz,좋아요~~~%~~~%~~~~%~~~,2022.08.01
ks**st0001,너무 너무 재미있어요 해전 장면 등,2022.08.01
태영파더,솔직히 말해서ㅡ.ㅡ 별로임 전투신 한컷밖에없고~ 명량 이 100배더 재미 있음 보며서 내내 다큐 느낌들었음 연기력도 흠... 이순을 품기엔 박해일 카리스마가 부족한듯 ~,2022.08.01
짜샤,괜찮았던 영화....,2022.08.01
gn**ks81,역시나 그내용을 벗어나지 않는군요,2022.08.01
mi**nga,학익진전에 거북선 등장 장면에 울컥. 영화는 극장에서~ 감동입니다.,2022.08.01
se**311,보여줄것만 보여주고 담백해서 좋았음,2022.08.01
su**nnah1400,전투씬에 충실하게 만들어 집중해서 볼수있어 좋았다. 반면에 배우들의 연기력은 상대적으로 집중되지않아 조금 아쉽다.,2022.08.01
wa**91512,내생각보다는 별루였네요. 명량을 따라가기는힘들듯 해보입니다.,2022.08.01
03**afa,한산-용의출현 최고입니다.,2022.08.01
작은선물,뻔하고 예상되는 스토리에도 이렇게 공포스럽게 등장하는 구선이라니.,2022.08.01
카르페^^♡,역사를 스크린으로 보니 또 다른 감동 그자체 입니다.,2022.08.01
지서니04,꿀잼이었어요 멋집니다ㅜㅜ,2022.08.01
hj**37,"초반엔 조금 지루했는데 하이라이트부분으로 갈수록 흥미진진했어요 이순신역이 박해일배우라 더 좋았어요 차분한말투와 딕션이좋으셔서 실제로 이순신장군도 박해일배우와 비슷했을것같은생각이 들정도였어요 명량부터 한산, 노량 까지 끝까지 다 볼겁니다~",2022.08.01
po**84,배우분들 굿 최고 정말 재미있게 봤습니다,2022.08.01
hm**je,초반에 지루하나 괜찮았어요,2022.08.01
찐이야,오우 4D로 보니 현장감 미쳤어요,2022.08.01
공작명왕,전투장면을 잘 찍었어요,2022.08.01
영화고관광,재미잇엇습니다. 또ㅠ보고싶네요,2022.08.01
잔디보이,영상 음향 다 좋았어요 명량보다 더 좋은듯,2022.08.01
kt**jhun,재미있어요 박진감 넘치고 영상이 멋져요,2022.08.01
멋쟁이,좋은 영화입니다. 잘 만들었습니다~^,2022.08.01
슬기공쥬님,4dx로 보길 잘 했어요 !! 너무너무 재밌어요 역시 믿고 보는 이순신 장군님 !! 장이수 최고 !! 박지환배우 너무 좋아요!! ❤? 화이팅,2022.08.01
담덕,웅치이치전투에 대한 묘사가 미흡하다. 해전인 한산대첩과 더불어 위대한 승리임에 불구하고..,2022.08.01
DalKeN,말이 필요없는 압도적 스케일!! 천만 가즈아~!!,2022.08.01
껌딱지62,재미있게 잘보았어요 최민식보다조금약하네요,2022.08.01
윤호유노,이순신이 주인공 맞나요? 배역도 연기도 비중이 넘없음,2022.08.01
pa**kuen,"오래 기다린 만큼 기대를 저버리지 않았다,, 거북선이 나올 때 전율 돋음",2022.08.01
영화보는요리사,"단 한 순간도 놓칠 수 없었다. 탄탄한 스토리, 구성과 연출, 연기력 모든것이 완벽함",2022.08.01
ku**1234,와... 대박... 또다시 봐야겠아용,2022.08.01
총총이78,한국이라면 봐야하는 영화~ 진정한 거북선을 볼수있습니다 그걸 보시면 자랑스러움~,2022.08.01
ja**2146,역시 국뽕이 가득차는 영화였습니다 배우들도 참 연기를 잘하네요. 어떡해 한국배우가 일본군인 느낌을 이렇게 잘 낼수 있었는지 궁금할 따름이네요.👍,2022.08.01
숭숭0101,역시 기다린 보람이 있네요. 전쟁씬에 웅장한 음악까지 너무 좋았어요.,2022.08.01
니콜리치,"몰입감 장난아님 거북선 나왔을때 온몸에 전율이 느껴짐 이순신역의 박해일배우의 연기도 좋았지만, 변요한배우의 연기가 더 인상적이었음 한 번 더 봐야겠음^^",2022.08.01
gu**jsl01,전투씬이 넘 생생했어요.,2022.08.01
so**822,짜임새있게 만들어진 영화예요 그런대 이순신장군님 이야기보다 일본인들에 대햐 서사가 상대적으로 긴거 같아 아쉽네요,2022.08.01
co**stoa0903,감동적이었요 ㅜㅜ 딸이랑 역사공부 제대로!!,2022.08.01
ce**na12345,최고예요 또 보고싶은 영화..,2022.08.01
co**8122,잔잔한듯 웅장한 울림👍,2022.08.01
se**gjj,굿굿 완존 재밋어요. 근데...잣어요.ㅠ,2022.08.01
담담담담담담,존멋 통쾌하고 또 통쾌하다,2022.08.01
su**n3661,저는 좋았어여 ㅎㅎㅎㅎ 거북선뽕 참,2022.08.01
Kbe,"이순신 장군님께서 얼마나 위대하신지 잘 보여주는 영화라고 생각합니다. 시청하던 중, 울 정도로 몰입도 되고 그만큼 애국심을 전해주네요. 현재까지 본 영화 중에 가장 만족스러운 영화였습니다.",2022.08.01
륨e,해상전투신이좋음 이순신을 연기한 박해일님도멋지지만 이상하게 변요한님이 더기억에남고 하얼빈에 장이수..아니 박지환님이 더기억에 남았다^^,2022.08.01
minijini,잘 봤습니다. 역사적으로 더 생각할수 있는 좋은 영화입니다.,2022.08.01
엔절소피,너무재밋어요 연기도 다시 보고싶은각,2022.08.01
Fe*^^*,정말 좋았습니다~^^,2022.08.01
염모,보기 전까진 박해일 배우가 이순신 역할에 잘 어울릴까 걱정됐었는데 오히려 최민식 배우님보다 이순신 역할엔 훨씬 더 잘 어울리는 느낌!!시원한 액션과 통쾌함이 너무 좋았습니다^^,2022.08.01
tr**tanfall,"재밌게 봤지만,명량이 더 돋보이네요",2022.08.01
사랑존재,"4D 추천, 변요한 멋있다, 김향기 씬스틸러! 역시 아역 배우 출신이라 연기 내공이 다르다.",2022.08.01
ku**slur,지루함.. 캐릭터도 해전씬도 애매함.. 포디효과도 거의 없고 물만 엄청 붓는것...,2022.08.01
마미♡♡,배우조합부터 완벽 그 자체♡♡,2022.08.01
아모르,그 누구도 생각지못했던 이순신장군에 큰뜻으로 적을 물리치는 장면에서는 가슴이 벅차고 울컥해졌습니다 꼭한번 보셨음합니다,2022.08.01
ri**ry,재밌다재밌다재밌딘재밌ㄷㄱㆍ,2022.08.01
사랑니,웅장하고~ 끝날때까지 울려퍼지는 사운드~에 졸릴틈이 없었네요~ 멋진영화~ 대작이네요~,2022.08.01
맹구사랑짱구,재밌어요!! 모든 배우들 연기가 최고에요! 다만 음악 소리가 너무 커서 귀가 아팠어요ㅜ ㅋㅋ,2022.08.01
lim22,명량보다 인물의 공감도가 떨어지나 해상전투씬은 멋있었다 케스팅이 좀 아쉽다,2022.08.01
du**jql3946,재밋어요 . 시간가는줄모르고봤네요,2022.08.01
du**jql3946,재밋어요 . 시간가는줄모르고봤네요,2022.08.01
rh**171,잘보았습니다~ 한산도대첩 멋졌습니다~^♡^,2022.08.01
디제이유아,"와.... 이건 뭐,,, 그냥 영화 대박이에요 ㅋㅋㅋㅋ보고 감동받고 진짜 웅장하고,,,, 꼭봐야합니다ㅜ",2022.08.01
as**386,이순신 영화는 언제나 재밌네요,2022.08.01
sa**e2,초대박입니다 이건 꼭 봐야해!,2022.08.01
ab**02825,※\(용포디 프라임 관람자 리뷰\)※ 초반에 맛보기 보여주다가 후반 30분이 와 진짜👍👍 역시 이맛에 용포디 프라임 가죠잉 특히 거북선 나오고 부터 전쟁신 전부 직접 전쟁터에 참전한 느낌이!! 프라임석이여서 그런지 물도 엄청 뿌려주시고 화살 쏠때도 불탈때도 스릴 만점!!,2022.08.01
카이도우,첫 장면부터 그래픽이 너무 구려서 바로 깨더라구요... 그래픽논란이 왜없는지 모르겠다는..몰입될려고하면 그래픽때문에 깨고... 적당히 킬링타임용이었습니다..,2022.08.01
sixpack_h2,큰 장군이 그리는 큰 그림. 감탄만 흘러나올 뿐이다.,2022.08.01
05**sky829,잘 봤습니다. 좋긴하였으나 생각보다 좀 그러네요~~ 그래도 좋았어요,2022.08.01
경무빠,"역시는 역시, 특히 박해일 배우님의 연기는 최고!",2022.08.01
pa**7621p,괜찮아서요 극장이 시원해서 최고,2022.08.01
효87,명량도 좋았는데 한산도 굿 입니다~,2022.08.01
ci**097,진짜 너무 재밌게 봤어요!! 용포디에서 보는거 강추합니다!!!,2022.08.01
jh**hy9755,Not bad..살짝 지루하다 초반은,2022.08.01
삐삐김,한국영화에서 드대 신파가 빠져나가고 스토리구현에 집중하기 시작했다,2022.08.01
sa**fe75,우리에겐 압도적은 승리가 필요하다,2022.08.01
ekdmi,이순신이라는 좋은 소재 거기서 끝,2022.08.01
kh**1000,이순신 영화인데 존재감이 약한 이순신,2022.08.01
kh**1000,이순신 영화인데 존재감이 약한 이순신,2022.08.01
INPEX,작위적인 부분을 조금 제외한다면 최고,2022.08.01
동동이,거북선 멋짐.오랜만에 재미있는 영화 였네요,2022.08.01
Greathanu,객관적으로는 만족스럽지만 명량보다 낫다는 기대에 비핸 실망스러웠다.,2022.08.01
VeryVeryImportantPersoN,즐겁게 잼나게 보았어요,2022.08.01
칸타빌레쇼콜라타,명량 못지 않는 한산에서의 전략. 김향기 역할이 다소 아쉬운.,2022.08.01
다둥맘♡♡♡,너무 멋졌슴다^^ 웅장하고 생각했던거 보다 더 재미있었어요~~ 아이들도 좋아하구요^^,2022.08.01
오징어왕자,웅장하다 국뽕이 가득찬다,2022.08.01
공감가족,"박해일의 멋진 내면연기와 역사적 고증을 철저히 한듯한 설득력있는 해전장면, 세계 삼대해전이 된 이유를 이해함.절제된 표현, 완벽한 구성, 훌륭한 연기,영화비가 아깝지 않은,안보면 후회할 완벽한영화에 기립박수를 보낸다.",2022.08.01
su**e1996,"배우들의 연기가 돋보였습니다,~",2022.08.01
fo**ii,역사 공부도 되고 애국심이 절로 생기네요 노저팬 다시금 노력하게됩니다.,2022.08.01
ca**03071,무능한 지도자로 빡치는 요즘 더더욱 훌륭한 지도자에 목마르네요~ 한산 전투씬 정말 멋지고 의병들의 전투씬도 가슴 뭉클했습니다~,2022.08.01
퀸오브하트,조금 더 감동적일 수 있었을 텐데.,2022.08.01
n6**830,웅장하고 스케일이 커서 배우들도 잘 표현을 잘해주어서 감동입니다,2022.08.01
래리,이순신도 변요한도 좋아요,2022.08.01
행복나들이,역시 거북선 돌격하는 이순신장군의 역사를 다시 재연해서 짜릿하고 너무 울컥했어요 재미있어요,2022.08.01
라니라니꼬,웅장하니 국뽕 차오르는 영화에요!! 재밌었어요!!,2022.08.01
diomkhy,명량에 비하면 별로...,2022.08.01
sj**ovelan,완전 멋찌고 이순신 장군에 대해서 다시 한번 생각하고 알게되는 그런 영화!! 특히 한산도대첩 짱이여,2022.08.01
귀여운은지,명량보고 후속작이라고 해서 친구랑 봤는데 두시간 내내 박진감 넘치고 긴장되고 재밋네요!!,2022.08.01
Karajan,설정된 인물이 많아서 다소 산만,2022.08.01
allice80,이순신 장군님은 말할 것도 없고 나대용이나 의병들의 힘까지 보여준 영화,2022.08.01
ka**868,너무너무 재밌어요 좋았어요,2022.08.01
tnimdonsiez,지루해서 약간 졸렸어요,2022.08.01
한비,마지막은 웅장했어요~~,2022.08.01
aa**rr14,단아한 모습의 고뇌에 찬 장군에게 필요한것은 정황을 바꿀 압도적 승리 뿐이다.,2022.08.01
fu**ycom,학익진을 제대로 이해할 수 있는 영화,2022.08.01
so**jun2012,해상전투신이시원하고 재밌었어요,2022.08.01
영화쟁이,신파가 빠진 품위있는 영화 잘 봤어요~~ 너무 멋져요,2022.08.01
wj**kdk83,전편보다 스케일이 더 커진거같네요 거북선이 등장할 때 웅장한 음악이 분위기를 더 올려줬어요 배우들 연기력도 좋았습니다,2022.08.01
wj**kdk83,전편보다 스케일이 더 커진거같네요 거북선이 등장할 때 웅장한 음악이 분위기를 더 올려줬어요 배우들 연기력도 좋았습니다,2022.08.01
코코넛,그냥 그랬어요. 이순신이 뭘 한거죠?.. 너무 밍밍,2022.08.01
cava,남배우들 눈화장이 좀 웃겼던 영화 ㅋㅋㅋ,2022.08.01
ca**nsice,왜구는 깨부수는 게 제맛,2022.08.01
헐랭이,"이순신과 거북선, 이 둘은 못 참지",2022.08.01
on**10,바다 장면 넘 시원했어요!,2022.08.01
CONA,정말 보는 내내 몰입하면서 보게되고.. 진짜 4DX 로 보시는거 강추-!!! 배우분들 연기도 정말 최고입니다ㅠㅠ 거북선 등장했을때 정말 소름이 돋았어요~~,2022.08.01
Ma Long,쉼 없이 흘러가는 전개와 놀라울 정도로 눈을 뗄 수 없는 전투씬! 이순신 영화의 두번째도 최고다,2022.08.01
ly**2335,보면 볼 수록 빠져드는 영화,2022.08.01
ir**diate,이미 다 알고 있어도 짜릿한 전투씬,2022.08.01
yu**a3,포디로 보세요 누가 포디로 보면 뚜까맞는 왜구 체험할 수 있다고 했는데 ㄹㅇ임 나도 배에 같이 탄 줄ㅋㅋㅋㅋ 단 안경 쓰시는 분은 물이 자주 뿌려져서 포디 비추,2022.08.01
LNK,재미있네요 변요한씨 연기가 새롭게 느껴짐,2022.08.01
kl**76,오랜만에 또 감동적이고 멋진영화봤네요~,2022.08.01
sj671y,조아요 조아요 조아요 조아요 조아요 조아요 조아요 조아요,2022.08.01
로빈 Choi,‘구선’을 보고 ‘압도적인’ 눈물을 흘릴 수 밖에 없었다.(ㅠㅠ;)/ CGV홍성에서 개봉 당일 관람 후 CGV 용산아이파크몰에서 IMAX 재상영!!! 흠잡을 때 없는 영화!,2022.08.01
쥬우우,역시나 국뽕이 차오릅니다!!! 개인적으로 영화 자체가 긴장감이 계속되는 내용이라 4dx보다는 돌비사운드관이나 일반관이 더 집중하고 볼수있을 것 같아요!,2022.08.01
Moviescene,후반부 클라이막스의 장엄한 해상 전투씬은 꼭 영화관에서 봐야함 다만 이순신의 극 중 비중이 살짝 아쉽다,2022.08.01
ly**4447,이순신 장군님 감사합니다. 그외 수없이 많은 우리 의 조상님들께도 감사합니다.,2022.08.01
lv**86,"존잼 ㅠ 명량도 존잼,, 명량은 보면서 사람들 박수 쳤는데 ㅠ 한산도 그만큼 재밌었큼데 ㅠㅠ",2022.08.01
jo**kap,"치밀한 전략, 웅장한 전투씬!~ 구선의 기가막힌 기동! 밀덕에게 최고의 영화!",2022.08.01
sa**23,여름맞이 영화로 추천합니다,2022.08.01
cl**sun2,승자의 영상 감동 짱입니다,2022.08.01
리링고,국뽕이 차오른다!! 거북선 가즈아ㅏㅏㅏㅏ,2022.08.01
ke**87,흥미진진하게 잘봤어요!! 애들도 재밌다고하네요~~,2022.08.01
db**stjdjj,웅장하고 멋있었다 다음 노량해전도 기대,2022.08.01
로ㅏ?,옆자리 커플때문에 돈 아까워 죽는줄. 영화 안보고 얘기할거면 카페를 가든가 주의를 줘도 못알아먹음. 개민폐 영화에 집중하느라 고생했음ㅠㅠ 해상전투씬 최고였어요!,2022.08.01
ya**93,마지막 한장면을 위해 한시간 반 희생할 가치 있음,2022.08.01
까만콩2010,워낙 유명한 스토리라 출연진들 기대감에 보러가게되었네요 역시 좋았습니다,2022.08.01
영화마니아83,감동적이고 한산도 전투신 멋있었어요 노량대첩도 나왔으면 좋겠어요,2022.08.01
yj**huk,명량 반도 못쫓마 가는구나 여러분은 지금까지 최종병기 활 투를 보셨습니다ㅋ 변요한에의한 을위한 의 영화,2022.08.01
joodoc,가족과 함께 역사물을 잘 봤습니다!!,2022.08.01
뚜미뚜지,재미있게 잘 보았습니다.,2022.08.01
살아있는 시인의 사회,코로나의 영향으로 영화를 오랜만에 보게 되었는데 너무 행복했습니다. *^^*,2022.08.01
류정우님,"명량까지의 여운은 아니었지만, 훌륭한 배우들의 라인업과 이순신이면 평타는 칩니다.",2022.08.01
yj**01,시간가는줄 모르게 잘 봤어요,2022.08.01
je**sk1123,역시 기대에 부응하는 영화입니다!,2022.08.01
hy**bi0826,진짜 보는내내 웅장했고 감탄만 하고 나왔습니다..ㅎ 진짜 추천!!!,2022.08.01
검사가츠,아들녀석이 봤는데 너무나도 잼있고 감동적이랍니다^^,2022.08.01
fl**eranimal,한산 전투신이 웅장했다,2022.08.01
빠르게달려라,ㅎ흥미진진하니 재밌었어요.,2022.08.01
박은주,너무 감동적으로 봤습니다!,2022.08.01
pl**4444,거북선등장에가슴설례이고한번쯤봐야할꺼같은영화입니다,2022.08.01
무비러버화철,정말 수차례 관람해야 합니다 우리 나라 정말 이순신장군을 뒀다는 거 만으로도 자부심 가져야 합니다! 감동! 깨달음! 세상을 보는 눈이 커졌습니다! 제작하느라 고생하셨습니다!,2022.08.01
ALEK128,지루할 틈 1도 없음. 지루한 설명도 군더더기도 없음. 차근차근 클라이맥스를 향해 전개됨. 국뽕을 떠나 참 잘만든 영화. 마블의 장난스러움과 액션영화들의 스타일리시 일변도에 질렸었는데 영화다운 영화 본 것 같음,2022.08.01
Seo,"잘 봤습니다, 재미있고 영상미가 좋네요 만족합니다.",2022.08.01
sososohee,전투신 정말 멋졌고 다들 연기도 잘함 짝짝,2022.08.01
텔리,와. 이건 감히 최고의 해상전투신이라고 할수있는... 정말 잘 그려냈다고 표현할수밖에 없는... 강력추천합니다. 속이 시원합니다.,2022.08.01
엽기하노,압도적 승리를 위한 그날의 결심,2022.08.01
fi**woo,기다림의 미학 아는 결말임에도 손이 떨린다,2022.08.01
ch**jang89,시간 순삭으로 재밌었어요!,2022.08.01
sa**gilps,명량을 봤을때 보다는 초반 지루한감이 있었지만 중반으로 넘어가면서 긴장감이 ~~ 역시 이순신의 거북선이요.^^,2022.08.01
우민아빠,명량을 앞지르는 스케일의 영화 속이 뻥 뜷어지는 끝장 영화... 재미있습니다. 안보면 후회 합니다.,2022.08.01
ju**ki813,실감나고 시간 가는줄 모르게 재미나게 봤어요~^^,2022.08.01
ji**ung3056,다들 연기도 잘하고 너무 재밌었고 다시한번 역사를 되뇌이는 시간이었어요~~!! 👍👍👍👍👍,2022.08.01
le**jyks,긴장감 있고 전투신이 멋있어요,2022.08.01
dm**206,지금까지본영화중에최고!!!! 거북선님 너무멋있습니다,2022.08.01
fp**3293,가히 완벽한 후속작입니다,2022.08.01
DJkim,전형적인 영화로 볼수도 있지만 전쟁씬만큼은 시원해서 좋았네요,2022.08.01
손승완!,재밌었습니다!!!!,2022.08.01
B24,부모님께 보여드렸어요 추천합니다,2022.08.01
kh**o80,주인공이 조금 부족해서 하지만 조연들이 너무 잘하였음,2022.08.01
배부른애벌레,명량이후 정말 괜챦은 영화네요ㆍ 박해일님 절제된내면연기도 좋고 아이들과 같이 봤는데 중학생아들이 또 보여달라 하네요ㆍ👍,2022.08.01
we**in,김한민감독 대단합니다. 재미있어요.,2022.08.01
소은1233,역시 이순신 ????????????,2022.08.01
쉥호,우리나라 영화도 자막이 필요합니다. 한국말인데 상당 부분 알아들을 수가 없습니다.,2022.08.01
ek**s0620,초반에는 조금 지루해서 졸았는데 후반에 전투는 최고였어요!,2022.08.01
헬로미,잼나게 잘봤어요~~^^,2022.08.01
다이아먼드스톤,역쉬 믿고 봅니다 우리나라 사람들은 이런 영화 꼭 봐야합니다 잘봤습니다,2022.08.01
yo**800,군더더기 없는 전투신이 인상깊습니다.,2022.08.01
je**gc03,한산에서 와키자카 변요한의 연기 Good.,2022.08.01
ya**noco,재미나게잘보았어요!!,2022.08.01
jj**lee09,시간 가는 줄 모르고 봤습니다!!,2022.08.01
플라잉 영,이게 우리나라 영화의 현주수,2022.08.01
럭키주희,아는 결말인데도 떨리며 봤네요 감동이네요,2022.08.01
eh**jjk,변요한이 인상에 남는 영화 해전도 괜찬고,2022.08.01
이동로,전투 장면이 신났습니다 ~~^^,2022.08.01
햇살,3D 게임보다 못한 어설픈 그래픽과 이야기 진행이 툭툭 끊기는 편집으로 인해 지루한시간이였습니다 마지막 전투만 볼만했는데 그나마도 다행히 배우들의 열연으로 끌구 갈수 있었다 생각되네요 차후 넷플등에서 대여로 한번 보는게 나을듯 합니다 15000원이 아깝네요,2022.08.01
s_won,재밌어요 ㅎㅎㅎ 나름 !!,2022.08.01
a0**84665687,재밌었어요!! 배경음악이 너무 대박적이였습니다.,2022.08.01
yeaheyhey,"엄마랑 같이 봤는데 재밌으시다고 하시네요, 보고 나면 국뽕 지대로 차오름..🐢👍🥹🫶",2022.08.01
_다혜,연출이 너무 좋았습니다~,2022.08.01
벨르걸,웅장하고 너무 감동적이네요!!,2022.08.01
gm**nsgoalf,3학년아이와 봤는데 첨엔 좀 지루했는데 나중에는 괜찮았어요,2022.08.01
흠냐냐흠,전군 출격하라 펑!펑!펑!펑펑!,2022.08.01
바보야 문제는 디테일이야!,8년전 명량 때 받은 감동보다는 덜 했지만 역시 대단했습니다^^,2022.08.01
in**0004,바다 위의 성 너무 멋쪄요 거북선도 멋있구요 영화 푹 빠져서 관람했어요♡,2022.08.01
dm**ud1010,완전 재밋어요!!!!,2022.08.01
죽전마님,재밌네요. 박진감 넘치고,2022.08.01
mu**ae70,역시 애국심 업 입니다 신나요,2022.08.01
ji**019,"아이들도 보면 좋을꺼같아 데리고 갔었는데요 저희도 아이들도 너무 재밌게 봤습니다. 박해일님 많은 대사는 아닌거 같지만 눈빛,행동,말투 하나하나 다 녹아있어 좋았고 저의 최애 배우님 박지환님 연기도 너무 좋았습니다~주말 조조영화 탁월한 선택이였네여~좋은작품 연기 감사합니다~^^",2022.08.01
mi**gi72,우와~~거북선 등장할때 눈물이 찔끔 박수칠뻔ㅎㅎ,2022.08.01
21**acker,"명량보다 낫다. 거북선 출현이 뜬금없다는 사람도 있지만, 숨기고 있던 회심의 한 수로 잘 쓰였다고 생각한다. 그 연결고리도 찍긴 했을 듯. 이순신 캐릭터가 잘 살진 않은 듯.",2022.08.01
주니려리,눈물났어요 감동의 스나미~,2022.08.01
mi**s1110,잼나잼나챔나잠나잼나잼나요,2022.08.01
코니딩크,웅장하고 통쾌하네요.,2022.08.01
kg**088,국뽕 제대로 느끼고 싶다면 추천!,2022.08.01
ca**9097,긴장감 넘치고 와 재밌어요!,2022.08.01
wa**ardk,감동 그자체입니다.좋아요^^,2022.08.01
ys**153,재미있었고 전투씬이 시원하고 통쾌했어요!,2022.08.01
kh**1260205,재밌습니다.cg좋아요.,2022.08.01
sc**land62,내내 긴장감 있게 감상했네요.,2022.08.01
우쥬최강달콤,국뽕이 차오름!! 나라와 나라의 싸움이 아닌 의와 불의의 싸움!! 박해일 대사 너무 없어서 고구마일때도 있지만 전쟁신에서는 소름 몇번 돋았고 재미있었츰☻,2022.08.01
sonny얌,거북선이 대박이었어요~~ 재밌었어요^^,2022.08.01
je**ghyun777,재밌고 감동깊게 관람했습니다. 대첩신은 웅장했습니다.,2022.08.01
si**won7,메마른 상반신 흠뻑젖은 하반신,2022.08.01
영화닐리리야,진짜 지금 봐도 멋진 위인 이순신 장군,2022.08.01
쌈무퀸채원,ㄹㅇ 너무 잘봤다...,2022.08.01
wl**ndus0325,명량에서 최민식배우님의 이미지가 강해서 살짝 아쉬움이 남았지만 스토리나 영상미나 말이 필요없는 영화였어요!!! 보는내내 국뽕에 취해 마지막에 박수칠뻔했어요!! 한번더보고싶네요!!,2022.08.01
vi**d8585,압도적인 승리 가즈아아아,2022.08.01
py**591,최고거북선 이 이렇게 멋있고...눈물날뻔,2022.08.01
ks**45,진짜 정밀로 재밌습니다,2022.08.01
le**ihye1029,올해 본 영화 중 가장 집중해서 봤어요,2022.08.01
sh**jno,그냥저냥 볼만합니다. 순신이형..,2022.08.01
mi**ng120,잔잔하면서도 재미있게 봤어요.,2022.08.01
bo**25,명량보다 어떨지 궁금했는데 잘 만들어졌네요,2022.08.01
쿤이랑몽이랑,CG가 좀.. 그래도 뭐 볼만해요,2022.08.01
임호0326,우리나라 영화제작 퀄이 확실히 높아진 것 같아요 초반엔 역사 용어나 진지해서 살짝 지루햌ㅅㄴ데 갈스럭 흥미진진입니다,2022.08.01
느림보,기대한만큼 대단한 작품이네요,2022.08.01
볼빵빵이,재밌습니다!!!! 추천드려유×,2022.08.01
무비무비팡,시원하게 잘 봤습니다.,2022.08.01
BHIK,웅장합니다 우리 역사라 더 감동적이고 그런듯...,2022.08.01
서울하늘아래,기대한만큼 대단한 작품이네요,2022.08.01
rr**ww2,이순신 장군의 지혜에 한번더 놀랍니다!!,2022.08.01
cb**12,정말 재밌어요 꼭 4D로 보세요,2022.08.01
restinpeace,트릴로지를 만드는 의지,2022.08.01
카드여왕,박해일배우의 이순신 너무 좋았습니다.,2022.08.01
카드여왕,박해일배우의 이순신 너무 좋았습니다.,2022.08.01
vh**7654,진정한 리더..👍,2022.08.01
불주먹이라네,재밌어요 잘좠음 ㅇㄹㅠㅠ,2022.08.01
je**eong,국뽕 최고 너무 재밌게봤어요~~~,2022.08.01
ji**unny0214,"멋진 스케일과 연기, 그리고 CG",2022.08.01
eh**s5202,두 시간이 넘는 영화였지만 몰입감이 깨지지 않고 집중해서 재밌게 잘 봤어요,2022.08.01
lu**dajoo,담백하지만 묵직합니다. 박해일 배우님 연기가 영화가 끝나고 나서 생각납니다 되새김질 중입니다 조만간 2차 관람 예정입니다,2022.08.01
별밤♡,명량에서 나왔던 조연들의 젊었을때에 이야기 이순신장군과의 만남 크아 진짜 후 연기파배우들의 조합 올여름 한텐 기다린보람이 있는 최고의영화였어요 즐거운 영화감상하게해주셔서 감사합니다 모든 연기자분들 수고많으셨어요,2022.08.01
bk**00,부모님과 시원하게 잘 봤어요👍🏻,2022.08.01
ce**ion6393,대박이래서 매우 기대하고 봤는데 너무 재밌었어요!! 와 자막 넣어준거 듣고 갔지만 진짜 센스!! 노량 너무 기대됩니다.,2022.08.01
ha**yd2,고증 연기 연출 다 좋았어요,2022.08.01
kt**20,한산 용의 출현 좋았습니다 완료,2022.08.01
또바기,정말 재미있게 봤습니다..^^,2022.08.01
cherryman,중후반부터 긴장감도 있고 재미있네요~,2022.08.01
그림자미학,음 아주좋아 이렇게 단결하자 대한민국아,2022.08.01
yj**1212,잘 만든 영화. 손에 땀을 쥐고 봤고 중간중간 박수치고 싶을 정도였어요. 잘 봤습니다!!,2022.08.01
De로리안,전형적인 국뽕판타지영화는 맞다. 전세계에 증명할수없는 영웅들을 묘사할때 과장법을 사용하는데 '한산'은 '이순신'을 과장해 묘사하는 선택을 자제한듯 보인다. 영화 후반의 40분정도의 액션을 빼곤 좀 지루하며 오글거렸는데 가장좋아하는 거북선의 묘사가 황당하면서도 멋있었다. 명량보다 좋았다.,2022.08.01
BigsSun,걍 거북선 짱짱맨인 영화,2022.08.01
no**master69,누가 재밌다 했냐? 이 영화는 바다에 버려요 깊은데 빠뜨려서 아무도 못찾게해요 돈아까움ㅜ,2022.08.01
호올맨,모두가 주인공인 좋은영화네요,2022.08.01
tk**hd0123,중반부에서 후반부를 엄청 몰입해서 봤음 거북선 짱,2022.08.01
en**123,시원하고 재미남!! 또볼 예정입니다,2022.08.01
냉동프린스,이순신 장군 아니였음 지금의 이나라가 있었을지...,2022.08.01
sj**751,생생한 화면에 감동 그 자체 안성기 배우님 인적예요,2022.08.01
sa**hd123,초반에는 쫌 지루한데 마지막 전투씬은 진짜 온몸에 전율과 소름이~쫙~ 마지막 전투씬은 아주 인상깊게 잘 봤습니다,2022.08.01
gimseonu,사실 카라멜팝콘 먹으러 왔다고는 못하겠고 국뽕이 차오르는 영화였다.,2022.08.01
오귕,너무너뮤 재미잇엇어욥 ㅠㅠ🥹🥹진짜 갬덩쓰 ㅠㅠ 국뽕이 막 차오름 진짜 소름돋고 멋잇규 최고였다,2022.08.01
ss**7958,보는 내내 감동이었습니다. 소름짝~~~ 아이들과 함께 봤는데 다시보고 싶다고 하네요^^,2022.08.01
ha**ysky1002,-의와 불의의 싸움 -거북선과 학익진의 해상전투신은 재미있게 봤습니다. -배우분들 연기도 좋았습니다. -편집 때문일까요 옥택연 김향기 배우의 분량과 이야기가 아쉽습니다. 이야기가 더 있었으면....,2022.08.01
NeverCry,감동 그자체입니다! 더위가 싹 날아가요!,2022.08.01
곰도리존,왜구새끼들 남은 머리도 박박 뜯어 버리고 싶다,2022.08.01
ki**saac91,국뽕 없어도 재미있게봤습니다~!,2022.08.01
빽강호,정말 재미있게봤습니다,2022.08.01
ga**9678,아이맥스로 봐서 실감났어요,2022.08.01
sv**00,이순신의 대사가 많이 없어서 아쉬움. 그나마 영화관의 웅장함이 있어서 조금이나마 나음,2022.08.01
an**57,거북선이 왜구들 뿌시는 장면은 너무 통쾌했어요,2022.08.01
ks**535995,배우님들의 굵직한 연기와 한산도대첩의 위대함을 느낄 수 있는 영화!! 천만갑시다~~,2022.08.01
tu**a200,"한국인으로서 무한긍지를느낄수있게해주는 정말국뽕이차오르는,, 그런멋진영화였네요^^",2022.08.01
ha**ydkfl,시간가는줄 모르고 봤어요,2022.08.01
qk**ddjs,"영상미, 스토리, 배우들의 연기, 모든면이 완벽에 가까깝고 개인적으로 명랑보다 더 재미를 느낀 영화",2022.08.01
li**jini1236,애국심🔥,2022.08.01
한형진,초반부 지루한 감이 있지만 후반 갈수록 재미있게 봤습니다. 역사를 영화로 만들어주신 감독님께 수고 및 감사의 인사 올립니다.,2022.08.01
도깨비,뭐가 문제일까요. 명량보다 감동이 덜하네요,2022.08.01
코코C,명량에 이어 큰 기대없이 갔는데 웅장하고 긴장하면서 봤어요.,2022.08.01
ho**5002,다시한번 우리나라 역사가 대단한것같아요 ㆍ보는내내 감동입니다,2022.08.01
어머이건꼭봐야해,고증과 상상력의 균형은 조화로웠으나 베우 최민식의 부재는 아쉽다,2022.08.01
dr**mjoo78,역시! 최고입니다. 배우들도 역이 잘어울렸어요,2022.08.01
오주빈,진짜 믿고보는 배우들의 열연과 폭염에 지쳐 있을때 바다에서 하는 전쟁 영화를 보니 가슴이 웅장해지고 시원해지는 기분도 들었습니다! 첫 부분은 아쉬웠지만 뒤로 갈수록 클라이맥스로 향하는 멋진 장면까지 저는 개인적으로 좋았어요!,2022.08.01
di**k97,거북선 넘 멋졌어요. 재밌었습니다.,2022.08.01
lh**000,박해일배우님의 부드러운 카리스마의 이순신장군도 멋있네요,2022.08.01
mi**ml,재밌게 봤어요 해전의 모습이 조금 아쉽긴 한데 이정도면 깔끔하게 만든듯,2022.08.01
김김78,재밌게 봤습니다 해전이 진짜 재밌네요,2022.08.01
과물탄개,역사공부 잘했어요 일본사람들 이기는 장면에서 정말 통쾌했어요,2022.08.01
kb**728,가슴 뭉클한 무엇인가가 있네요,2022.08.01
il**984,이순신 장군 리스펙 합니다요,2022.08.01
ai**p0718,"연출, 영상에 배우들의 연기까지 모두 좋네요.. 다음 편도 기대됩니다.",2022.08.01
카푸치노,기대보단 못하지만 볼만했어요,2022.08.01
스칼라,잔잔하면서 조용히... 마음을 하나로 모으는...,2022.08.01
ys**9414,누가 이 영화를 대단한 명작을 기대하고 보겠는가? 그냥 거북선이 일본 배 때려부수는거 보러가는거지 . 그거 잘했으니 대만족. 신파도 없어서 깔끔하게 보기 좋았다.,2022.08.01
거의혼자봄,명량보다 더 재밌고 전쟁씬도 눈에 잘 들어옵니다,2022.08.01
wj**hsdb1234,영화 후반부 나오는 전투 연출이 좋았습니다!,2022.08.01
ka**k0486,우리의 역사에 대해 다시 한번 더 생각해 볼수 있었습니다,2022.08.01
db**3313,이순신장군...다시기리게됩니다,2022.08.01
selrin,진짜 거어ㅓ어ㅓㅓㅓㅂ나 재미있게 봤습니다. 원래 전쟁영화 안 좋아하는데 너무 재밌네요. 집 가서 명량도 봐야지,2022.08.01
sc**ang01,감동과 재미 둘다 잡았네요. 잘봤어요.,2022.08.01
na**white3,결말을 알아도 조마조마하고 떨리는 것은 영화가 재미있어서겠죠?? ㅋㅋㅋ 1편보다 담백해서 더 여운이 남네요~,2022.08.01
ca**iopela2,"임진왜란을 좀 아는 사람에겐 : 어 스토리 머지? 어?? 좀 비약이 심한데, 좀 억지스러운데 지루한데? 임진왜란을 좀 모르는 사람에겐 : 와 재밌네 국뽕 올라오네",2022.08.01
김범철,해전 장면이 정말 좋았음,2022.08.01
CAR레이사,"재미있는 내용은 있지만 조금 지루하게 스토리가 이어져 이쉬웠다, 후반부에서는 스트레스가 풀린게 같았다,",2022.08.01
jii0,명량보다 조금 차분한듯 하면서 거북선 등장할 때 소름 돋았어요,2022.08.01
ai**521,전투신이 너무 멋졌습니다~,2022.08.01
en**r2121,왕은 나라를 버렸다. 아둔한 생각으로 현실을 보지 않고 앞을 내다보고 사람의 마음을 움직일 줄 알아야 한다. 말과 행동을 신중하게 하고 추진력과 결단력을 갖춰야 한다. 또한 신뢰가 있어야 한다. 그게 바로 참 리더의 기본 조건이 아닐까 한다.,2022.08.01
fr**star7,결국 최종병기 활 ㅋㅋㅋㅋ 활에대한 감독의 무한애정,2022.08.01
eh**e04,이순신 장군의 전법과 백성들의 힘이 합쳐 왜군과 쌔우는. 장면이 뭉클했습니다.,2022.08.01
bfeadg,영화는 너무 좋아요 재미있어요,2022.08.01
커트수제자,너무 길어...좋지도 나쁘지도,2022.08.01
이삭왕자,진짜 개존잼 롯데월드가 필요없다! 아~마~존조로존존존,2022.08.01
LucyHale,한산도대첩을 간접적으로나마 경험해본것 같아서 좋았습니다,2022.08.01
jj**ny78,영화 잼나게 잘 봤어요~,2022.08.01
영화좋아좋아좋아,재미있어요 완전 추천합니다,2022.08.01
몽상가,해군 가고 싶다 10자 아 직도,2022.08.01
ro**77kr,명량에 이어 한산도 잘봤어요 발포하라~~~ 해상전투신 몰입감최고,2022.08.01
마른 낙엽,이순신은 흐리게 일본군은 두껍게 서사를 줘버림. 거북선 액션은 좋았음,2022.08.01
jj**992,우리나라는 역시 이순신 명량도 다시 봐야겠어요,2022.08.01
on**naracj,코로나 이후 첫 영화관 나들이\(?\) 였는데 재밌게 봤어요. 적당히 즐기기 좋고 포탄 터지는 장면이 많아 그런건지 요즘 영화 트랜드가 바뀐건지 싸우는 씬에서 한국어 대사도 자막 띄워주니까 좋더라구요ㅎ,2022.08.01
짜라란♡,별기대없이 봤는데 금방 영화가 끝났다 배우들 표정 음색 등 아쥬 연기를 잘해서 몰입도가 높다,2022.08.01
문손,발포하라!!!! 박해일 장군의 목소리가 아직도 귓전에 울립니다,2022.08.01
bw**1217,명량 처럼 잘 만들어졌어요,2022.08.01
히히힣히,역시 왜놈은 때려부수고 쳐부수는게 속이 시원합니다,2022.08.01
스노우,좋은 정보와 아이템의 중요성..,2022.08.01
ba**sta1113,이게 바로 해전이다!!!!,2022.08.01
알렉,시간이 후다닥 지나갔어요 모두가 주연인 영화였습니다 즐거운시간이였어요,2022.08.01
햄잉ㅎ.ㅎ,Good 볼만 했어요,2022.08.01
주디s,국뽕차오르네 다음화 기대됨,2022.08.01
디니0616,그냥저냥 쏘쏘 명량생각하면 안됨,2022.08.01
영♡사,시간 가는줄모르고 봣네요.,2022.08.01
♥:),이순신의 이야기라 본거임,2022.08.01
no**ll2004,복카이센...! 거북선 너무 멋있어요,2022.08.01
sy**e971215,재밌었는데 조금 지루했어요!,2022.08.01
se**a01,해상 전투신은 정말 볼만했어요.,2022.08.01
k1**9419,전투신에서 소름돋았네요 최고!,2022.08.01
os**a0910,무섭고 스릴 넘치고 좋았습니다,2022.08.01
권민성,명량보다 재밌게 봄 박해일 보러 갔다가 변요한에 놀라고 옴,2022.08.01
ok**nju5607,왜놈 후두려패는데 재미가 없을리가,2022.08.01
안쓰짱,재미 있습니다. 연기 좋구요 해전씬은 최고!,2022.08.01
do**hun2727,4DX로 봄. 압도적으로 훌륭한 영화이길 기대했는데 아주 조금 아쉽긴 함.. 완벽한 영화는 없음ㅎㅎ,2022.08.01
한량마눌,81세 엄마랑 같이본 한산. 러닝타임이길어 잘보실까 걱정했는데.. 완전 몰입해서보심.부모님 보여드리세요.,2022.08.01
he**ongju,가슴이 웅장해지는 영화!,2022.08.01
이웃남정네,명량과 비교해지는 영화였어요. 최민식과 박해일의 연기도 비교가 되구요 물론 조연들의 연기도 완성도를 더한것같구요. 재미있게 잘 봤네요~~,2022.08.01
현탱탱,최고입니다:\) 꼭 보세용~~,2022.08.01
se**neego7,전투씬 최고 재관람 의향 있음,2022.08.01
kc**579,"명량에 이어서 젊은 이순신장군 한산 기대한만큼 유쾌,상쾌,통쾌하네요. 올여름 한국영화 응원합니다.",2022.08.01
sh**sa1009,"왠지모를 연속으로 주는 긴장감,몰입감을 주면서 이순신장군의 한산도 해전 전투장면이 가장 돋보였던 영화였어요~각 배우님들의 연기력도 좋아 더 관람하기 좋았고,공명은 수염을 수두룩붙여놔도 훈남^^더운여름 큰화면으로 보니 넓은 바다위에서 왜군 배들이 격파될때 통쾌함과 시원함은 덤👍",2022.08.01
superbike,영화 보면서 벅차오르는 기분은 오랜만 입니다 추천합니다,2022.08.01
레디고우,감독 연출 좋고 배우들 연기도 좋습니다. 택연배우가 변요한과 함께 일본군 장군으로 나왔으면 더 흥미로웠을 것 같아요. 잘 봤습니다,2022.08.01
승욱9,cg가 많으니까 어머니가 배우들 쉬웠겠다고 함,2022.08.01
zc**3107,"4DX 몰입감 최고,,",2022.08.01
km**431,최민식을 데려와라 1편 이순신을 능가할 작품은 없을듯,2022.08.01
나무공책,"거북선, 학익진, 한산대첩, 이순신.",2022.08.01
사랑망고,그다지 임팩트가 있지를 않아서 살짝 졸았네요,2022.08.01
kw**huykmin,와 진짜 겁나 재밌음 전율이 미쳤음 꼭봐야함,2022.08.01
rl**nals0409,너무 재밌어서 시간 가는 줄 모르고 봤네요,2022.08.01
스노윙,대사없이도 전해져오는 위압감과 해전의 연출력이 어마무시하게 좋았어요 정말 압도되는 느낌이고 포디로 보면 더욱더 잘 와닿습니다,2022.08.01
sk**ma1,난 내나라를지켜주신 이순신 장군님 외 다른장군님의 위대한 역사를 마주했다 그리고 진실의역사 를 생생하게 느낀 좋은하루였다,2022.08.01
ch**hun78,해전 전투신 👍 명불허전👍,2022.08.01
얌얌얌얌얌얌얌얌,명량보다 2.5배 더 멋있었음,2022.08.01
ku**058,배우들의 연기와 cg가 아주 볼만 했습니다 :\),2022.08.01
mickeykang,아주 잘 봤습니다. 구성과 전투씬의 CG가 탁월하네요^^,2022.08.01
su**ookie153,전형적인 국뽕영화 그냥 괜찮음,2022.08.01
ariel0003,오랜만에 엄마와 함께 본 영화인데 정말 재밌었어요!!,2022.08.01
20**star,역시 이순신 장군입니다 문무를 갖추신 장군님이 계셨기에 이 나라가 존재하는듯 합니다,2022.08.01
so**am87,아주 좋았어요 아주 멋있고 아주 대담하고 매우 생동감 넘침,2022.08.01
ju**ji,볼만한데 cg는 아직 멀은듯,2022.08.01
re**949,역시 볼만하고 잼있습니다!,2022.08.01
so**agi,전쟁영환데 잔잔한 영화처럼 느껴졌어요.,2022.08.01
jgkang960414,"역시 이순신장군님의 역사 영화는 믿고보지만, 배우님들의 연기가 너무 좋았어요! 영상미도 그렇고요~",2022.08.01
hy**n0319,지루할 틈 없이 긴장감 넘치는 내용과 화면 구성 너무 재밌었습니다.,2022.08.01
ri**yung2,왜놈을 바다에 버려요 바다 사나이 박해일의 왜놈 칠 결심,2022.08.01
ce**2200,보는내내 긴장감있고 지루하지않았어요~ 부모님과 같이 보기도 딱 좋아요,2022.08.01
채윤하트,재미있었어요 역사를 들여다보면 여러감정이 다 느껴지네요,2022.08.01
pa**472808,좋기는 했지만 주인공의 이미지가 좀 아쉬윘다,2022.08.01
lo**shy20,최민수배우보다 임팩트는없었지만 영화자체가 재미있고 흥미있었어요,2022.08.01
wh**swls104,무난하게 보기좋았어요 저는 명량보단 덜 지루했어요,2022.08.01
영화 인,올해 최고의 영화!!! 꼭 4D로 봐야해요!!!!,2022.08.01
ky**ary7,가슴뭉클한 영화입니다. 해성 전투씬은 수병들의 노고가 그대로 느껴지네요!,2022.08.01
덩덩구,초반에 살짝 늘어지지만 후반부가 강렬해서 잊혀져요,2022.08.01
io**ralf,너무 좋았어요. 무대인사도 10분 이상 되어서 좋았어요.,2022.08.01
란과희사랑,변요한 연기 잘하네요!!! 요번 이순신장군은 전략구성을 잘 짠 영화 스토리날까!!,2022.08.01
ms**ctor,배우님들 연기와 웅장한 전투 씬등 모두 좋았어요,2022.08.01
Gallaghers,"아군과 날씨에 더불어, 적군까지도 예상해 완벽한 승리를 만들어내고도, 그저 ’천행’ 이었다며 묵묵히 스스로의 일을 해나간 자. ‘명량’ 따위와 비교하는게 실례인듯 합니다. 단점을 전부 덜어내었다는게 무슨말인지 완벽이 이해되는 영화였습니다.",2022.08.01
치킨치킨야야,스케일이 압도적이에요,2022.08.01
co**2333,"롯데에서 가족과 함께 한번, CGV 4DX에서 한번. 두번 봐도 역시 재미있네요. 담담한 전개가 더 좋았습니다.",2022.08.01
밥,역시... 멋있었습니다!,2022.08.01
pi**cat617,그 시절에 이순신장군의 모습 떠 오르는 듯 하여 가슴 벅차고 감동적이었습니다. 나라를 위해 목숨을 바친 이순신장군과 수많은 사람들이 계셨기에 지금의 우리가 있다는 사실에 감사드리는 시간이었습니다.,2022.08.01
yd**009,잘봤습니다. 흥하세요~~,2022.08.01
wo**amhwa70,조금 지루하지만 언제나 통쾌한 이순신 장군 영화~,2022.08.01
wo**amhwa70,조금 지루하지만 언제나 통쾌한 이순신 장군 영화~,2022.08.01
혜원,저는 자밌게 봤어용!!!,2022.08.01
울보꽁주,바다위에 거북선 넘 좋았습니다.연기도 좋아요,2022.08.01
달빛라떼,배우들 연기너무 좋음 짧은 역할의 배우도 탄탄하게 채워놨음,2022.08.01
알피보,음.. 국뽕으로 보러갔던영화지만 전작 명량에비하면 이순신 무게감도 많이떨어지고 이순신 내면의 갈등도 제대로 표현이 안된듯한... 지루하고 집중안된 그저그런영화였네요,2022.08.01
jm**910,바다위에 성 한산대첩 잘 봤습니다 IMAX로 보니 더욱 실감있었던 것 같네요,2022.08.01
wh**eleesu,이순신의 학의진 대단합니다요 몰입해서 봤습니다^^,2022.08.01
ji**ng79,1도 재밌게 봤어요 재밌어요,2022.08.01
Y.T,역시 거북선... 명량도 좋았는데 한산도 역시... 늦지않았어요..ㄱㄱ,2022.08.01
ji**uncj,거북선나올때 존잼👍,2022.08.01
Balmain,명량이랑 비슷하네요 비슷해서 전율도 못느꼈습니다,2022.08.01
sk**4a,"명량에 대한 향수나 애국심을 넣어두더라도 가슴 두근두근해지는 작품입니다. 작품 전체의 비장미가 결기있었고, 디테일한 전투씬이 관객을 설득하기 충분했어요!",2022.08.01
su**rsh282,와! 재미있네요~ 박해일 배우 너무 좋아요,2022.08.01
jj**ovey,스릴있고 재미있었어요,2022.08.01
은암장,중간까지 약간 지루했는데 마지막에 지림~~~,2022.08.01
jo**s75,좋았다고 하기에는 초반에 졸았어요 ㅠㅠ,2022.08.01
갓바우,연기 좋았고요 역사공부하는 마음으로 진지하게 보았습니다.,2022.08.01
윤빠,너무 재미있어요!! 개존잼!!,2022.08.01
ji**iss9,"처음에는 별로 인데 후반에 전쟁 할 때 좀 나아졌음,",2022.08.01
k2**21,가족들과 같이 보기 좋은 영화에요 재밌습니당,2022.08.01
dl**tm3927,배우들의 연기는 정말 명연기 해상 전투는 두손 꼭쥐고 봤어요,2022.08.01
희야!^^,역시 이순신 멋져유 !!,2022.08.01
ti**kil83,국뽕 차오릅니다. 아주 멋있었어요,2022.08.01
bo**in1224,재미있게 봄 ~~ 추천합니다 짱~,2022.08.01
eh**234,솔직히 국뽕빼면 노잼인듯,2022.08.01
_9028,진짜 너무 재밌었어요!!!,2022.08.01
자우림속 하얀곰탱이,와키자카 니가 한 수 앞을 보려 한다면 이순신 장군님은 세 수 앞을 보신다...,2022.08.01
un**eakble,대존잼 n차 찍고 싶다 이순신 장군님 만세,2022.08.01
ka**a99,너무 재밌었어요!! 짱,2022.08.01
sc**40,흥미진진 감동!!재미있어요.,2022.08.01
왕동이,걍 명랑에서 끝네써야 했네....,2022.08.01
ok**3616,웅장하고 흥미로웠어요.,2022.08.01
co**jyw,재미있게 잘 봤어요. 한번 더 보려구요,2022.08.01
jc**dy607,거북선은 언제봐도 가슴이 웅장해지고 벅차오름ㅠㅠ,2022.08.01
ka**kd2000,역사사실을 알고 있음에도 흥미진진~,2022.08.01
김감자,가슴 뭉클한 것은 있으나 재미는 보통입니다. 중반까지 꽤 지루해요. :\(,2022.08.01
ed**021,명량이 이순신의 기지를 보여줬다면 한산에서는 지장으로써의 전략전술적 능력과 함께 인품을 살짝 엿볼 수 있다. 전쟁이나 해전 영화를 좋아하는 사람이라면 전작 명량보다 더 재밌게 볼 수 있을 것 같다.,2022.08.01
ak**ndhkdwk,마지막 대첩을 위한 빌드업이 약간 지루했지만 4DX로 보는 거북선하드캐리 해전이 지립니다,2022.08.01
cj**50,아이들과 볼만하긴한데 좀 지루한 면이 없지않아있네요.,2022.08.01
수목요일,"자랑스러운 우리나라 역사, 감사합니다",2022.08.01
", , soony",명랑하고 비교 안할수가 없는듯하네요~ 변요한배우는 좋았으나 주인공격인 이순신장군은 쫌..극장분윅도 너무 안좄았네요 계속 바스락 거리고 소근대고 전화벨울리고~ 거기다 조용해주라는 고함도 나오고.. 영화 집중도가 많이 떨어졌습니다,2022.08.01
dn**salswl18,국뽕에 취한댜 크으~~,2022.08.01
sh**eon04,한산 용의 출현~~~~..,2022.08.01
ik**os7333,이순신은 국룰! 초반 아주 약간은 지루한 감이 있는데 그래도 긴장감 넘치는 장면들이 많아 시간가는 줄 모르고 관람했네요! 거북선을 칭하는 일본식 이름이 달랐음을 처음 알았네요~ 신기했습니다. 여튼 오랜만에 국뽕 넘치게 하는 영화를 본 듯! 아주 살짝! 아쉬웠던 점은 CG. (만족스럽긴 한,2022.08.01
al**ns2020,"''12척 배밖에 없다''는 명제 없이도 초반부 빌드업은 훌륭했는데, 막상 전쟁이 벌어지니 몰입감과 긴장감은 사라지고 복선 전시회로 그쳤다. 역사를 좋아하는 사람으로서 대강 만족.",2022.08.01
클립,역시 문무 겸비한 이순신!!!! 강추강추!! 캬!!!왜놈들 다 때려부수는 맛이 그리좋아!!!,2022.08.01
수색대장,전편 명량과 비교할수는없지만 나름 무게감있고 박진감 넘치는 역사적 사실을 잘 표현해주어 중간중간 격한 감동도 느낄수 있었다,2022.08.01
kh**mv,한산대첩을 영화로 보니 좋습니다,2022.08.01
gu**ls485,좋아요!!! 아주좋아요,2022.08.01
승지로사,스케일이 크고 웅장해서 멋있었어요,2022.08.01
wi**olic,기대안했는데 재밌게 잘 봤어요,2022.08.01
통통곰,대사가 좀 묻히는 거 빼고는 좋았어요,2022.08.01
혜지니,역사를 소재한 영화들은 늘 잔잔한 감동을 주네요^^,2022.08.01
ak**esthong,좋아요! 재밌게 봤어요~,2022.08.01
1j**aebbo,애국심 때문에 볼 수 있었다~앞엔 지루하고 cg도 티 많이 나,2022.08.01
쏜부하주인 모찌,웅장하다..! 웅장하다 웅장해,2022.08.01
dy**kfl29,너무 재밌습니다 국뽕이 차오른다,2022.08.01
귀차니신,한국어보다 일본어를 더 많이 들은 느낌은 기분탓이겠지. 해전은 대단하네. 웅장 뭉클. 공명배우님 눈빛에 뒷통수치는역인가 의심 계속함; 의도한건지 모르겠지만 이순신도 압도하는 카리스마는 아니었음.,2022.08.01
아기극곰이,보기에 괜찮았어요^^,2022.08.01
피스피코,너무 편안하게 잘 관람했습니다. 영화도 최고!,2022.08.01
