word,count
평화,79
경제,69
남북,66
민주주의,55
협력,50
사회,46
대한민국,43
역사,41
한반도,39
코로나,39
발전,35
나라,34
방역,34
성공,33
한국,33
지원,33
마음,33
혁신,33
공정,32
오늘,31
관계,31
문제,30
위기,29
대통령,28
지역,28
정상,28
산업단지,28
문화,27
공동,27
회의,27
국제,26
말씀,26
선언,26
스마트,26
국가,25
모두,24
주년,23
센터,23
월드컵,22
상황,22
기회,22
민족,21
지금,21
시대,21
적극,20
산업,19
일자리,19
북한,19
화해,18
진심,17
때문,17
수출,17
대화,17
전쟁,16
안전,16
추진,16
이번,16
사람,16
이후,16
자리,16
독일,16
극복,16
성장,16
물류,16
희망,16
지도자,15
번영,15
역할,15
민주,15
각하,15
시작,15
축하,14
우리,14
통일,14
헌신,14
전국,14
미래,14
합의,14
민주화,14
교류,13
도전,13
정신,13
스님,13
창조경제,13
기술,13
제도,13
고용,13
유지,12
그동안,12
최근,12
처음,12
개혁,12
양국,12
실천,12
선도,12
안전망,12
활동,12
추기경,12
조치,12
모아,12
기업,12
강화,12
의지,12
몽골,12
대응,12
우리나라,11
행사,11
지속,11
평양,11
서울,11
분단,11
귀빈,11
희생,11
생명,11
확대,11
서로,11
어려움,11
사업,11
인천,11
시간,11
구축,11
정책,11
안정,10
앞으로,10
기원,10
최선,10
내외,10
해외,10
실현,10
도약,10
해결,10
가치,10
개발,10
성과,10
공군,10
대합,10
공간,10
남과 북,10
상생,10
불교,10
경기장,9
인사,9
각국,9
참여,9
변화,9
기여,9
건설,9
이산가족,9
위원장,9
대표,9
지혜,9
회장,9
참전,9
자유,9
자랑,9
에너지,9
격려,9
준비,9
이제,9
전략,9
기반,9
광복,9
그린,9
공장,9
주교,8
사랑,8
평화통일,8
관계자,8
현장,8
중국,8
계기,8
제가,8
취임,8
필요,8
남북한,8
과정,8
긴장,8
기대,8
갈등,8
신념,8
용사,8
분야,8
단체,8
진출,8
고통,8
전환,8
환경,8
시민,8
경험,8
전문가,8
조정,8
전력,8
기관,8
경쟁력,8
도발,8
체계,8
기본,8
구조,8
성원,7
기도,7
협조,7
경기,7
이상,7
투자,7
사실,7
평가,7
종교,7
위협,7
자유민주주의,7
용기,7
인권,7
수준,7
최고,7
자신감,7
세대,7
확인,7
토대,7
회복,7
신뢰,7
기억,7
불편,7
역량,7
단계,7
사무총장,7
전진,7
첨단,7
제조업,7
제품,7
중단,7
조성,7
항쟁,7
경남,7
지구촌,6
융성,6
햇볕정책,6
남북정상회담,6
간의,6
안보,6
응원,6
도움,6
의미,6
올림픽,6
마련,6
아시아,6
금융,6
과거,6
완화,6
진전,6
원칙,6
세기,6
장병,6
환영,6
유엔,6
하나로,6
결정,6
관심,6
나가야,6
불굴,6
결실,6
언론,6
모습,6
내외분,6
화합,6
개선,6
이웃,6
보호,6
세상,6
행복,6
국회,6
획기적,6
해경,6
노고,6
사고,6
글로벌,6
아프리카,6
이행,6
연결,6
중소,6
창출,6
사례,6
발굴,6
최초,6
확산,6
겨레,6
관리,6
귀환,6
노동자,6
열사,6
운동,6
소통,6
김정은,6
판문점,6
데이터,6
수도권,6
인류,5
결과,5
지지,5
걸음,5
총리,5
축구,5
정도,5
그때,5
계속,5
자신,5
약속,5
방향,5
오신,5
경의,5
확신,5
수호,5
일본,5
공헌,5
일입,5
수행,5
강국,5
일류,5
당부,5
해소,5
발휘,5
마지막,5
청소년,5
직면,5
사이,5
봉사,5
가난,5
이유,5
성명,5
반기문,5
항공,5
장비,5
동력,5
출범,5
제공,5
연계,5
농수산,5
집중,5
걸스카우트,5
공유,5
독립,5
생산,5
공공,5
교육,5
정세,5
금강산,5
역대,5
이름,5
나무,5
존중,5
독재,5
생활,5
창원,5
포스트,5
불공,5
자영업자,5
가구,5
불평등,5
감염,5
일치,4
하느님,4
대로,4
최대,4
국운,4
바탕,4
정착,4
부탁,4
승리,4
개최,4
전통,4
관광,4
시설,4
당시,4
외환,4
이야기,4
방문,4
긍정,4
답방,4
협상,4
진행,4
차례,4
수교,4
증가,4
대립,4
대회,4
현실,4
유가족,4
투쟁,4
세계인,4
동참,4
영광,4
하면,4
다시,4
신문,4
주목,4
선전,4
가야,4
통합,4
격차,4
주도,4
제의,4
지도력,4
운명,4
이해,4
실질,4
건강,4
법정,4
법회,4
감동,4
년대,4
병원,4
신부,4
치료,4
걱정,4
회의장,4
스스로,4
한마음,4
자원봉사,4
동포,4
생업,4
인재,4
전문,4
대신,4
제시,4
총장,4
도입,4
창조,4
조국,4
입주,4
동북아,4
벤처기업,4
입이,4
창업,4
엔진,4
향상,4
부담,4
아이디어,4
현지,4
국내,4
식품,4
시장,4
중심,4
소비,4
영상,4
체제,4
올해,4
바다,4
성취,4
기적,4
완성,4
주체,4
근간,4
융합,4
상징,4
방안,4
반복,4
개성,4
공단,4
인식,4
어제,4
뒷받침,4
가봉,4
해상,4
평등,4
남영동,4
고문,4
거리,4
선택,4
집단,4
후퇴,4
발생,4
의원,4
창원시,4
동시,4
한국판,4
뉴딜,4
주역,4
업종,4
주택,4
기본법,4
푸른,4
운동장,4
기성세대,4
목표,4
차질,4
근로,4
보험,4
성직자,3
형제자매,3
축제,3
공존,3
지향,3
정성,3
의심,3
한민족,3
우정,3
산업화,3
이미지,3
결단,3
상봉,3
의장,3
총회,3
곳곳,3
미국,3
사건,3
종식,3
만큼,3
위로,3
정치,3
인정,3
대열,3
한일,3
결승전,3
드릴,3
이바지,3
개인,3
위상,3
열기,3
찬사,3
단합,3
애국심,3
방한,3
이신,3
우호,3
유럽,3
중심지,3
공감,3
모범,3
친구,3
정상회담,3
동아시아,3
난관,3
안팎,3
믿음,3
안녕하십니까,3
김수환,3
선종,3
무소유,3
가르침,3
순간,3
만남,3
운영,3
수녀,3
환자,3
친절,3
다라,3
묵주,3
덕분,3
기자,3
시행,3
주변,3
발표,3
장관,3
요원,3
혼신,3
한편,3
구체,3
계획,3
주재,3
어깨,3
현안,3
성숙,3
부여,3
임무,3
전기,3
핵심,3
부합,3
복지,3
결합,3
가지,3
종사자,3
활성,3
활용,3
공급,3
수요,3
민간,3
유망,3
효율,3
중소기업,3
품질,3
부족,3
운송,3
유통,3
프로그램,3
메시지,3
열망,3
야영,3
장벽,3
요구,3
날개,3
창의,3
노동,3
염원,3
반도,3
조금,3
DMZ,3
씨앗,3
철도,3
도로,3
이념,3
조사,3
기적을,3
입장,3
담화,3
피랍,3
가족,3
어머니,3
가슴,3
광장,3
박수,3
박종철,3
폭력,3
포장,3
변호사,3
일상,3
일부,3
김대중,3
북미,3
합의서,3
준수,3
체감,3
선박,3
승선,3
신속,3
출동,3
피해,3
해양,3
시기,3
경남도,3
디지털,3
인공지능,3
환경오염,3
인력,3
재생,3
제한,3
수소,3
형태,3
특권,3
제정,3
지방,3
자치,3
실패,3
공정사회,3
채용,3
개편,3
신설,3
신혼부부,3
주거,3
만전,3
직업,3
능력,3
균형,3
추가경정예산,3
취업,3
포용,3
긴급,3
생계,3
의료진,3
단절,3
정권,3
영업,3
확진,3
추석,3
택배,3
아시,2
유일,2
추구,2
장차,2
축복,2
힘찬,2
천주교,2
참석,2
질문,2
일원,2
사기,2
진작,2
장쩌민,2
주석,2
포함,2
안부,2
기간,2
접목,2
개막식,2
이익,2
유치,2
선수,2
인해,2
이용,2
속도,2
만족,2
김정일,2
관련,2
공언,2
금년,2
귀국,2
대표단,2
분쟁,2
지난해,2
충격,2
고리,2
증진,2
주제,2
자로,2
하루,2
국내외,2
호국,2
유엔군,2
머리,2
충심,2
개국,2
침략,2
저지,2
대전,2
공산주의자,2
야망,2
열광,2
국군,2
보상,2
비극,2
되풀이,2
태세,2
인내심,2
이만,2
언론인,2
중책,2
전체,2
민생,2
절호,2
승화,2
한독,2
고난,2
밑바탕,2
지난달,2
베를린,2
연설,2
중동,2
파트너,2
하나,2
강조,2
행동,2
입각,2
루카,2
제대,2
교구장,2
춘천,2
교구,2
천주교회,2
인도,2
소임,2
책무,2
성찰,2
자체,2
울산,2
근로자,2
사연,2
차별,2
저서,2
비행기,2
학비,2
지구,2
평생,2
배려,2
선진,2
요코하마,2
교통,2
부제,2
자율,2
코엑스,2
우려,2
시민사회,2
분이,2
일생,2
고령,2
초당,2
논의,2
사이버,2
국제회의,2
위원회,2
수고,2
셰르파,2
금융가,2
비즈니스,2
충돌,2
빈국,2
눈물,2
개발도상국,2
처지,2
심정,2
기구,2
소망,2
식량,2
기후,2
대한민국 정부,2
국력,2
비핵화,2
건배,2
방위,2
확충,2
작전,2
시스템,2
영공,2
이자,2
여건,2
항공우주,2
담당,2
인프라,2
우수,2
강점,2
정비,2
부가가치,2
아이템,2
수산물,2
방법,2
애로,2
컨테이너,2
온도,2
활어,2
멘토링,2
보육,2
스타트,2
종합,2
비용,2
절감,2
관세,2
최적,2
혜택,2
신선,2
유관,2
상담,2
특화,2
온라인,2
양성,2
소비자,2
분석,2
작년,2
장점,2
구현,2
유대,2
잠재력,2
국경,2
건국,2
순국,2
선열,2
여정,2
수립,2
계승,2
기틀,2
기쁨,2
좌절,2
자동차,2
규모,2
소득,2
클럽,2
서비스,2
활력,2
원천,2
확장,2
벨트,2
선대,2
상처,2
치유,2
가중,2
군사,2
생태,2
촉진,2
유라시아,2
차원,2
세월,2
성의,2
자세,2
견지,2
근본,2
생사,2
명단,2
보건,2
산림,2
모색,2
동질,2
야합,2
체육,2
공포,2
대륙,2
국교,2
부분,2
산증인,2
식민지,2
위안부,2
피해자들,2
내각,2
선사,2
현재,2
무사,2
가동,2
나이지리아,2
프랑스,2
초점,2
성사,2
사명,2
치하,2
학생,2
경찰,2
햇빛,2
가정,2
촛불,2
연대,2
한때,2
치욕,2
죽음,2
진실,2
기념식,2
선정,2
사상,2
여사,2
목사,2
오랫동안,2
기념,2
의거,2
지정,2
혁명,2
명예,2
주인,2
주권자,2
존재,2
부응,2
선거,2
직장,2
헌법,2
대북,2
전단,2
대결,2
국면,2
발발,2
평창,2
동의,2
아쉬움,2
소회,2
통영,2
화재,2
전원,2
영종도,2
인근,2
요트,2
선제,2
접수,2
훈련,2
영국,2
한국전쟁,2
창원국가산업단지,2
변모,2
탄소,2
제조,2
반월,2
연구원,2
설립,2
대기업,2
신규,2
주력,2
보급,2
적용,2
육성,2
버스,2
총무원장,2
유네스코,2
등재,2
해법,2
장기전,2
포기,2
시계,2
열매,2
청춘,2
주인공,2
반칙,2
권력,2
보장,2
눈높이,2
병역,2
전반,2
비리,2
근절,2
대우,2
추가,2
두기,2
경감,2
비대,2
공식,2
특수,2
계층,2
궁극,2
사각지대,2
실업,2
부조,2
기해,2
점검,2
기준,2
지름길,2
임대료,2
가운데,2
학교,2
노년,2
감염병,2
상공,2
인과,2
판단,2
김옥균,1
이틀,1
미사,1
분단국,1
전례,1
호기,1
천주교인,1
교우,1
지도,1
원동력,1
고해,1
사제단,1
화제,1
폴란드,1
환호,1
응원단,1
축구팀,1
주롱,1
거행,1
언급,1
주최,1
면모,1
분단국가,1
감명,1
달러,1
고양,1
구경,1
최대한,1
시점,1
무렵,1
파산,1
하면 된다,1
주장,1
보니,1
큰일,1
습지,1
그림자,1
경쟁,1
특사,1
형식,1
확정,1
무역,1
수배,1
배로,1
열정,1
마르,1
와트,1
장단,1
신사,1
숙녀,1
테러,1
참사,1
여파,1
장착,1
종교인,1
이상훈,1
재향,1
군인회,1
원로,1
예비역,1
대령,1
영령,1
영전,1
명복,1
병상,1
고초,1
상자,1
공산주의,1
기로,1
깃발,1
아래,1
공산,1
팽창,1
제동,1
필리핀,1
동남아시아,1
덕택,1
우등,1
선진국,1
폐허,1
강의,1
경탄,1
목숨,1
보답,1
추호,1
동맹,1
평화로,1
앞날,1
행운,1
홍석현,1
세계신문협회,1
한국신문협회,1
통신사,1
영예,1
경사,1
배출,1
놀라움,1
물결,1
함성,1
저력,1
코리아,1
진면목,1
유감,1
이어,1
요하네스 라우,1
정점,1
차기,1
개최국,1
선투,1
위업,1
찬탄,1
그 후,1
난제,1
슬기,1
현대사,1
오늘날,1
선두,1
찬양,1
역정,1
분열,1
솔선수범,1
인구,1
베스트팔렌,1
주의,1
년간,1
재임,1
독일의 경제,1
업적,1
연방,1
구심점,1
세계화,1
전폭,1
아프가니스탄,1
발칸,1
재건,1
내년,1
한국민,1
교역,1
상대국,1
제위,1
인적,1
문화예술,1
직결,1
출발점,1
진해,1
괴테,1
어록,1
인내,1
하와,1
승과,1
영원,1
이서,1
축배,1
김운회,1
천주교 춘천교구,1
하드,1
경륜,1
교계,1
평소,1
겸손,1
사목,1
덕목,1
좌표,1
교회,1
새터,1
교황청,1
함흥,1
서리,1
겸임,1
존엄,1
자연,1
첫출발,1
차이,1
신도,1
은혜,1
충만,1
애도,1
합두,1
향기,1
영혼,1
스승,1
신앙,1
경계,1
간디,1
빛과 소금,1
장기 기증,1
욕심,1
마음을 열고,1
관용,1
길상사,1
개원,1
명동성당,1
강연,1
울림,1
며칠,1
분과,1
인연,1
중반,1
현대중공업,1
자원입대,1
논산훈련소,1
입소,1
신체검사,1
기관지확장증,1
시립,1
병원비,1
무료,1
도중,1
가톨릭,1
간호사,1
반은,1
병문안,1
손님,1
대통령 선거,1
요즘,1
집무실,1
유품,1
비서,1
좋아서,1
여름휴가,1
출장,1
소유,1
수익금,1
장학금,1
정작,1
적도,1
보릿고개,1
마디,1
보배,1
지난주,1
꽃샘추위,1
황사,1
봄이,1
녹음,1
잡음,1
이외,1
내외신,1
당일,1
강제,1
승용차,1
경우,1
저도,1
외신,1
광경,1
인상,1
상인,1
노점상,1
서도,1
경주,1
재무,1
중앙은행,1
총재,1
남녀,1
단원,1
표정,1
구석구석,1
누비,1
유학,1
분도,1
자인,1
최재원,1
잿더미,1
기적처럼,1
주최국,1
여야,1
결의안,1
채택,1
한뜻,1
책임감,1
군경,1
소방,1
경호,1
완벽,1
공직자,1
의제,1
이해관계,1
각자,1
충실,1
서밋,1
초청,1
그간,1
국제무대,1
리더십,1
감탄,1
일보,1
직전,1
환율,1
외국,1
신흥,1
빈곤,1
한번,1
전만,1
굴욕,1
무리,1
조건,1
남이,1
설명,1
만찬,1
고국,1
순방,1
뉴욕,1
본부,1
재난,1
활약,1
외교,1
과제,1
온난,1
물론,1
산하,1
강군,1
총아,1
대대,1
국방부,1
관계관,1
참모총장,1
김은기,1
대장,1
이하,1
건군,1
반도 전역,1
표상,1
선배,1
여대,1
연락기,1
창군,1
과학기술,1
과학,1
우주,1
일익,1
선례,1
현대,1
군인,1
진정,1
보람,1
운용,1
개막,1
통수권자,1
무운,1
축사,1
개항기,1
관문,1
근대화,1
인천국제공항,1
인천항,1
국제기구,1
지리,1
기업인,1
한진그룹,1
세계로,1
기지,1
측면,1
먼저,1
기계,1
비율,1
성장세,1
둔화,1
타개,1
IT,1
벤처,1
장거리,1
수송,1
산소,1
조절,1
수질,1
정화,1
장치,1
집적,1
국산,1
각종,1
공모전,1
세미나,1
테스트,1
민관,1
합동,1
컨설팅,1
고민거리,1
물류비,1
수반,1
어렵,1
한진,1
관세청,1
상주,1
솔루션,1
FTA,1
안내,1
명의,1
세관,1
통관,1
사항,1
스톱,1
업그레이드,1
농수산물,1
적정,1
습도,1
상품,1
보전,1
최단,1
공사,1
대한항공,1
새송이,1
버섯,1
결집,1
품목,1
실무,1
내수,1
구매,1
폭발,1
보부상,1
중화권,1
온라인 쇼핑몰,1
마케팅,1
최신,1
동향,1
선호도,1
절차,1
화장품,1
전통주,1
기호,1
브랜드,1
판촉,1
유통망,1
판매,1
마무리,1
고유,1
특색,1
후원,1
해서,1
선도해,1
기념행사,1
사인,1
이노,1
본보기,1
지주,1
인종,1
뿌리,1
물방울,1
속담,1
건안,1
청정,1
고장,1
강원도,1
고성,1
대원,1
여성,1
연맹,1
리더,1
자양분,1
국의,1
제주,1
광복절,1
경축사,1
재외,1
애국지사,1
유공자,1
지난,1
반석,1
정통,1
항구,1
반쪽,1
참화,1
송두리,1
얼마,1
붕괴,1
자본,1
모래,1
벌판,1
제철소,1
조선소,1
국토,1
대동맥,1
경부고속도로,1
전자제품,1
철강,1
조선,1
석유화학,1
구천,1
소위,1
지구상,1
신장,1
경제력,1
원조,1
서번,1
증거,1
한강의 기적,1
피와,1
장정,1
침체,1
대안,1
패러다임,1
광역시,1
여명,1
견인차,1
입문,1
언어,1
무궁무진,1
영토,1
오천,1
독창,1
급속,1
기질,1
문도,1
전통문화,1
재발견,1
오픈,1
문화인,1
융복,1
합하,1
라면,1
등의,1
이대,1
완수,1
쿠바,1
교와,1
이란,1
타결,1
흐름,1
정반대,1
숙청,1
강행,1
주민,1
불안,1
역행,1
공격,1
감행,1
정전,1
협정,1
불가침,1
정면,1
위반,1
안위,1
미몽,1
고립,1
파멸,1
자초,1
만약,1
긴장도,1
지대,1
조성하,1
젊은이들,1
총부리,1
역설,1
중무장,1
비무장지대,1
공원,1
제안,1
구상,1
평화공원,1
백두대간,1
입부,1
자식,1
이산,1
전향,1
해도,1
첫걸음,1
남한,1
일괄,1
전달,1
교환,1
연내,1
면회소,1
촉구,1
자연재해,1
안전문,1
홍수,1
가뭄,1
전염병,1
일회,1
의료,1
장래,1
중동호흡기증후군,1
검역,1
재해,1
위생,1
수자원,1
대처,1
훼손,1
어간,1
다면,1
유적,1
사전 편찬,1
학술,1
태권도,1
의천,1
마감,1
핵과,1
교통망,1
태평양,1
공영,1
호혜,1
고노,1
무라야마,1
일본 내각,1
한일 관계,1
지탱,1
아베,1
전후,1
증언,1
그럼에도 불구하고,1
지배,1
손해,1
사죄,1
반성,1
일본군,1
피해자,1
랍비,1
차지,1
역경,1
소명,1
반열,1
부강,1
투명,1
단명,1
파견,1
무단,1
총명,1
우잡,1
어선,1
선장,1
마음고생,1
조기,1
공조,1
정보,1
석방,1
협의,1
공개,1
공무원,1
외교부,1
전지,1
대사관,1
직원,1
그날,1
회사원,1
손수건,1
택시,1
기사,1
경적,1
전투,1
단결,1
아버지,1
기립,1
남영역,1
기차,1
소리,1
대공,1
분실,1
악명,1
담벼락,1
불법,1
연행,1
조작,1
침해,1
인간,1
감당,1
김근태,1
연합,1
조사실,1
서울대,1
언어학,1
스물,1
물고문,1
천주교정의구현전국사제단,1
고문치사,1
기념관,1
불행,1
재탄생,1
마술,1
시절,1
어둠,1
공로,1
수여,1
광범위,1
추천,1
전태일,1
권익,1
이소선,1
박형규,1
조영래,1
양심,1
지학순,1
비오,1
아버님,1
협의회,1
정기,1
성유보,1
고뇌,1
지식인,1
김진균,1
교수,1
유신,1
항거,1
김찬,1
상지대,1
농민,1
권종,1
전국농민회총연맹,1
변호,1
태동,1
황인철,1
이한열,1
제임스 시,1
노트,1
조지,1
울타리,1
동행,1
인고,1
예우,1
주유,1
공자,1
애국,1
후손,1
교훈,1
대구,1
민주운동,1
기념일,1
마산,1
규명,1
국회의원,1
단체장,1
권한,1
명령,1
소수,1
소외,1
작동,1
가게,1
진리,1
체험,1
유일한,1
독립운동,1
민주공화국,1
국민주권,1
삼권,1
분립,1
복원,1
국민의 힘,1
지난날,1
탈북자,1
비난,1
창구,1
얼음,1
조심,1
공세,1
합작,1
먹구름,1
마주,1
동계,1
자주,1
반목,1
오해,1
군사분계선,1
일대,1
살포,1
행위,1
천명,1
요청,1
훈풍,1
하루아침,1
개척,1
공존공영,1
웅비,1
금요일,1
매물도,1
어망,1
표류,1
인명,1
침몰,1
대피,1
신고,1
도착,1
숙달,1
단축,1
인명구조,1
경찰의 날,1
감안,1
변경,1
외면,1
메이,1
세계지식포럼,1
다자,1
병력,1
파병,1
혈맹,1
보편,1
엘리자베스,1
여왕,1
존슨,1
우방국,1
우의,1
소개,1
네트워크,1
생산성,1
디지털 경제,1
추격,1
균형발전,1
김경수,1
지사,1
남도,1
르네상스,1
시화,1
남동,1
구미,1
시화공단,1
양팔,1
로봇,1
편견,1
바이어,1
소식,1
평균,1
매출,1
전자,1
보유,1
동남권,1
산학,1
부산,1
수입,1
디지털화,1
고도,1
주행,1
셔틀,1
무인,1
특장,1
플랫폼,1
관제,1
안전사고,1
규제,1
샌드박스,1
지능형 로봇,1
바이오,1
헬스,1
클린,1
팩토리,1
물질,1
제거,1
폐기물,1
원료,1
발전소,1
천연가스,1
청정에너지,1
사용,1
시범,1
시내버스,1
교체,1
개별,1
에너지관,1
리시,1
스템,1
절약,1
에너지 효율,1
비중,1
관건,1
대학,1
복합,1
서구,1
반세기,1
한류,1
한국불교종단협의회,1
조계종,1
원행,1
수석,1
부회장,1
천태종,1
문덕,1
종단,1
큰스님,1
자비,1
심성,1
중생,1
초기,1
사찰,1
산문,1
부처님 오신 날,1
봉축,1
요식,1
연등회,1
전격,1
취소,1
계엄령,1
연등,1
행렬,1
등불,1
문화유산,1
여부,1
용단,1
고마움,1
위안,1
불자,1
장기,1
이달,1
협의체,1
병행,1
비상,1
경각심,1
싸움,1
기와,1
국난,1
라도,1
북녘,1
비무장,1
화살,1
고지,1
유해,1
무력,1
지지가,1
감격,1
대내외,1
제약,1
로드,1
아름드리,1
가득,1
토요일,1
날짜,1
하늘,1
장소,1
녹지,1
글자,1
나이,1
순수,1
정의,1
무한,1
상상력,1
서명,1
등산로,1
호응,1
조례,1
시도,1
설계,1
종합운동장,1
근육,1
다음,1
상상,1
실험,1
종목,1
허심탄회,1
만연,1
기득,1
대물림,1
정경,1
유착,1
제기,1
분노,1
관성,1
특혜,1
초래,1
정규,1
비정규직,1
시행착오,1
정이,1
호흡,1
순환출자,1
대부분,1
하도급,1
가맹점,1
거래,1
관행,1
상법,1
실태,1
전수,1
서열,1
고교,1
대입,1
직장 내 괴롭힘,1
금지법,1
탈세,1
스포츠,1
부동산,1
실수요자,1
투기,1
억제,1
숙련공,1
공부,1
시험,1
입증,1
이든,1
어르신,1
삶의 질,1
예전,1
폐업,1
고민,1
보금자리,1
기존,1
특별,1
구직,1
지원금,1
소상,1
공인,1
자금,1
신혼,1
타운,1
공적,1
임대,1
장려금,1
학자금,1
무기,1
의사소통,1
감수성,1
내일,1
동등,1
출발선,1
낯선,1
아이들,1
피아니스트,1
임동혁,1
위원,1
심화,1
양극,1
추세,1
반전,1
분배,1
지표,1
예기,1
사태,1
악화,1
임시직,1
일용직,1
영세,1
우선,1
보험의,1
가입,1
대상,1
기초,1
안착,1
생활고,1
요건,1
제때,1
속도감,1
집행,1
빈틈,1
습기,1
양의,1
무자,1
폐지,1
종사,1
강도,1
지원책,1
총력,1
실직자,1
재기,1
발판,1
지출,1
맞춤,1
프랜차이즈,1
자발,1
조달,1
강구,1
대타협,1
노사정,1
물꼬,1
양보,1
산발,1
꼬리,1
등교,1
수업,1
다행,1
선생님,1
지침,1
주신,1
날씨,1
일선,1
고충,1
피로,1
선별,1
진료소,1
냉방기,1
설치,1
양상,1
치명,1
노인,1
병실,1
확보,1
대비,1
승격,1
통과,1
조직,1
충원,1
사전,1
연구,1
연구소,1
국립보건연구원,1
기능,1
예외,1
전망,1
재정,1
수칙,1
회담,1
일직선,1
파탄,1
변동,1
외부,1
요인,1
강물,1
낙관,1
한걸음,1
돌파구,1
숙원,1
박정희,1
노태우,1
노무현,1
자산,1
문제 해결,1
열쇠,1
비준,1
부침,1
연속,1
격랑,1
전제,1
의견,1
서민,1
한계상황,1
최소한,1
하고,1
기조,1
타격,1
최소,1
효과,1
수도,1
재생산,1
지수,1
안심,1
당국,1
이면,1
감수,1
통제,1
범위,1
장시간,1
중지,1
작정,1
강요,1
호소,1
응답,1
숨통,1
안도,1
목적,1
편성,1
중점,1
업무,1
폭증,1
과로,1
농축수산물,1
선물,1
장려,1
물량,1
부처,1
감독,1
임시,1
